date,source,country,source_id,estimate_type,estimate,total_daily_log_war_fires_to_date,total_daily_log_war_fires_to_date_in_russia_held_area,total_daily_log_war_fires_to_date_in_ukraine_held_area,total_cloud_cover_in_east_of_country_to_date,total_change_in_area_assessed_as_russia_controlled,days_since_invasion,weight,source_type
2022-07-24,US officials (via The Economist),russia,all_df_US officials (via The Economist)_8,estimate_low,15000,475.5246371603419,367.7120918384694,337.1865298084708,80.367,185578709258.09897,150,0.5,deaths
2022-07-24,US officials (via The Economist),russia,all_df_US officials (via The Economist)_8,estimate_high,20000,475.5246371603419,367.7120918384694,337.1865298084708,80.367,185578709258.09897,150,0.5,deaths
2022-08-11,US officials (via NYT),russia,all_df_US officials (via NYT)_10,estimate,20000,555.001892565929,441.0463232284984,389.7544042532543,89.925,185844853725.2819,168,1,deaths
2023-01-01,Excess deaths estimate (D. Kobak),russia,all_df_Excess deaths estimate (D. Kobak)_16,estimate,24000,712.4617790359016,578.8400735142125,457.5321668181726,187.081,205539547894.4533,311,1,deaths
2023-02-15,US DoD,russia,all_df_US DoD_19,estimate,43000,721.0720982053074,587.4503926836181,457.5321668181726,220.93,206182781011.4019,356,1,deaths
2023-02-28,The Centre for Strategic and International Studies,russia,all_df_The Centre for Strategic and International Studies_23,estimate_low,60000,721.0720982053074,587.4503926836181,457.5321668181726,231.132,206264456535.49893,369,0.5,deaths
2023-02-28,The Centre for Strategic and International Studies,russia,all_df_The Centre for Strategic and International Studies_23,estimate_high,70000,721.0720982053074,587.4503926836181,457.5321668181726,231.132,206264456535.49893,369,0.5,deaths
2023-08-18,US officials (via NYT),russia,all_df_US officials (via NYT)_32,estimate,120000,1329.4954759306024,1020.7541975169156,978.862777589177,339.27,208371796160.44785,540,1,deaths
2023-11-30,UK MoD,russia,all_df_UK MoD_41,estimate,70000,1797.0101633925901,1421.920487273299,1358.0623500534778,399.048,208592036459.43225,644,1,deaths
2024-01-01,Excess deaths estimate (D. Kobak),russia,all_df_Excess deaths estimate (D. Kobak)_44,estimate,64000,1824.0957535268428,1429.5293579024901,1379.3076045747357,426.447,208736110724.4077,676,1,deaths
2024-05-03,French foreign minister,russia,all_df_French foreign minister_53,estimate,150000,2209.582054524868,1711.6259059582,1702.6598975360798,512.7,209170230754.58978,799,1,deaths
2024-10-10,US officials (via NYT),russia,all_df_US officials (via NYT)_71,estimate,115000,3180.586969160607,2525.5104089627794,2581.591434065412,592.136,210875023090.45853,959,1,deaths
2025-02-21,BBC Russia,russia,all_df_BBC Russia_87,estimate_low,146194,3376.3630123653734,2607.1651540454864,2750.7186877883537,690.042,213213649234.25333,1093,0.5,deaths
2025-02-21,BBC Russia,russia,all_df_BBC Russia_87,estimate_high,211169,3376.3630123653734,2607.1651540454864,2750.7186877883537,690.042,213213649234.25333,1093,0.5,deaths
2025-03-20,UK MoD,russia,all_df_UK MoD_90,estimate_low,200000,3504.894262728152,2682.620556349596,2871.252028480024,705.778,213403787483.65863,1120,0.5,deaths
2025-03-20,UK MoD,russia,all_df_UK MoD_90,estimate_high,250000,3504.894262728152,2682.620556349596,2871.252028480024,705.778,213403787483.65863,1120,0.5,deaths
2025-05-30,BBC Russia,russia,all_df_BBC Russia_93,estimate_low,191000,3802.2303057004688,2885.3856741277295,3130.090110360712,749.768,214256148437.56705,1191,0.5,deaths
2025-05-30,BBC Russia,russia,all_df_BBC Russia_93,estimate_high,269000,3802.2303057004688,2885.3856741277295,3130.090110360712,749.768,214256148437.56705,1191,0.5,deaths
2022-04-23,NATO officials (via WP),russia,all_df_NATO officials (via WP)_97,estimate_low,7000,155.4881125352611,110.07486547929929,121.7706941344338,38.007,179423446721.91507,58,0.5,deaths
2022-04-23,NATO officials (via WP),russia,all_df_NATO officials (via WP)_97,estimate_high,15000,155.4881125352611,110.07486547929929,121.7706941344338,38.007,179423446721.91507,58,0.5,deaths
2025-06-12,UK MoD,russia,all_df_UK MoD_100,estimate,250000,3874.4560849080353,2942.9731512552735,3195.8949684297086,755.442,214525207620.048,1204,1,deaths
2025-05-01,CSIS,russia,all_df_CSIS_101,estimate_low,200000,3688.5622700720846,2797.153102586154,3039.273723247317,730.278,213748081141.44348,1162,0.5,deaths
2025-05-01,CSIS,russia,all_df_CSIS_101,estimate_high,250000,3688.5622700720846,2797.153102586154,3039.273723247317,730.278,213748081141.44348,1162,0.5,deaths
2022-02-24,Meduza,russia,deaths_via_meduza_1,estimate,673.8929164029204,3.4011973816621555,3.4011973816621555,0,0.795,38305374099.68573,0,0.3333333333333333,deaths
2022-02-24,Meduza,russia,deaths_via_meduza_1,estimate_low,598.5907544486176,3.4011973816621555,3.4011973816621555,0,0.795,38305374099.68573,0,0.3333333333333333,deaths
2022-02-24,Meduza,russia,deaths_via_meduza_1,estimate_high,782.2852441326482,3.4011973816621555,3.4011973816621555,0,0.795,38305374099.68573,0,0.3333333333333333,deaths
2022-02-28,Meduza,russia,deaths_via_meduza_2,estimate,1696.0247379049288,10.488771087220128,8.776475789346321,2.995732273553991,3.384,78205107812.52992,4,0.3333333333333333,deaths
2022-02-28,Meduza,russia,deaths_via_meduza_2,estimate_low,1506.4503959849544,10.488771087220128,8.776475789346321,2.995732273553991,3.384,78205107812.52992,4,0.3333333333333333,deaths
2022-02-28,Meduza,russia,deaths_via_meduza_2,estimate_high,1971.4063489263256,10.488771087220128,8.776475789346321,2.995732273553991,3.384,78205107812.52992,4,0.3333333333333333,deaths
2022-03-07,Meduza,russia,deaths_via_meduza_3,estimate,2513.207798521558,10.488771087220128,8.776475789346321,2.995732273553991,10.125,102889424961.27133,11,0.3333333333333333,deaths
2022-03-07,Meduza,russia,deaths_via_meduza_3,estimate_low,2224.3248766597344,10.488771087220128,8.776475789346321,2.995732273553991,10.125,102889424961.27133,11,0.3333333333333333,deaths
2022-03-07,Meduza,russia,deaths_via_meduza_3,estimate_high,2946.33546056281,10.488771087220128,8.776475789346321,2.995732273553991,10.125,102889424961.27133,11,0.3333333333333333,deaths
2022-03-14,Meduza,russia,deaths_via_meduza_4,estimate,2946.974014397946,28.673577587379466,14.711369984965907,20.33860285646751,14.7,110047208409.71475,18,0.3333333333333333,deaths
2022-03-14,Meduza,russia,deaths_via_meduza_4,estimate_low,2607.0080251256895,28.673577587379466,14.711369984965907,20.33860285646751,14.7,110047208409.71475,18,0.3333333333333333,deaths
2022-03-14,Meduza,russia,deaths_via_meduza_4,estimate_high,3458.729825571305,28.673577587379466,14.711369984965907,20.33860285646751,14.7,110047208409.71475,18,0.3333333333333333,deaths
2022-03-21,Meduza,russia,deaths_via_meduza_5,estimate,3503.4158965623865,62.16967960766537,38.87762756205962,51.362890457877576,16.581,110793829403.92322,25,0.3333333333333333,deaths
2022-03-21,Meduza,russia,deaths_via_meduza_5,estimate_low,3100.72442221369,62.16967960766537,38.87762756205962,51.362890457877576,16.581,110793829403.92322,25,0.3333333333333333,deaths
2022-03-21,Meduza,russia,deaths_via_meduza_5,estimate_high,4105.708003532989,62.16967960766537,38.87762756205962,51.362890457877576,16.581,110793829403.92322,25,0.3333333333333333,deaths
2022-03-28,Meduza,russia,deaths_via_meduza_6,estimate,4038.196010482573,98.29437972319428,69.07481278534222,82.90979864351766,18.11,123122954880.94037,32,0.3333333333333333,deaths
2022-03-28,Meduza,russia,deaths_via_meduza_6,estimate_low,3577.059462020902,98.29437972319428,69.07481278534222,82.90979864351766,18.11,123122954880.94037,32,0.3333333333333333,deaths
2022-03-28,Meduza,russia,deaths_via_meduza_6,estimate_high,4723.674069160362,98.29437972319428,69.07481278534222,82.90979864351766,18.11,123122954880.94037,32,0.3333333333333333,deaths
2022-04-04,Meduza,russia,deaths_via_meduza_7,estimate,4293.867776237878,122.20501977048919,87.44451816330981,102.49189429146266,23.259,148911410804.75568,39,0.3333333333333333,deaths
2022-04-04,Meduza,russia,deaths_via_meduza_7,estimate_low,3799.0687942582417,122.20501977048919,87.44451816330981,102.49189429146266,23.259,148911410804.75568,39,0.3333333333333333,deaths
2022-04-04,Meduza,russia,deaths_via_meduza_7,estimate_high,5033.855435796561,122.20501977048919,87.44451816330981,102.49189429146266,23.259,148911410804.75568,39,0.3333333333333333,deaths
2022-04-11,Meduza,russia,deaths_via_meduza_8,estimate,4537.838001917413,141.92859935348213,105.68041632462686,111.53073434527646,28.042,174264625065.26434,46,0.3333333333333333,deaths
2022-04-11,Meduza,russia,deaths_via_meduza_8,estimate_low,4016.245091004584,141.92859935348213,105.68041632462686,111.53073434527646,28.042,174264625065.26434,46,0.3333333333333333,deaths
2022-04-11,Meduza,russia,deaths_via_meduza_8,estimate_high,5314.45510734679,141.92859935348213,105.68041632462686,111.53073434527646,28.042,174264625065.26434,46,0.3333333333333333,deaths
2022-04-18,Meduza,russia,deaths_via_meduza_9,estimate,4859.8760803833075,149.82515205512516,107.87764090196308,118.08181468031987,33.631,176291114170.09875,53,0.3333333333333333,deaths
2022-04-18,Meduza,russia,deaths_via_meduza_9,estimate_low,4298.482246549333,149.82515205512516,107.87764090196308,118.08181468031987,33.631,176291114170.09875,53,0.3333333333333333,deaths
2022-04-18,Meduza,russia,deaths_via_meduza_9,estimate_high,5697.614818209509,149.82515205512516,107.87764090196308,118.08181468031987,33.631,176291114170.09875,53,0.3333333333333333,deaths
2022-04-25,Meduza,russia,deaths_via_meduza_10,estimate,5171.212945277585,160.88627523677886,113.37070234530363,126.15272076910769,38.919,179468054160.97656,60,0.3333333333333333,deaths
2022-04-25,Meduza,russia,deaths_via_meduza_10,estimate_low,4577.433919297692,160.88627523677886,113.37070234530363,126.15272076910769,38.919,179468054160.97656,60,0.3333333333333333,deaths
2022-04-25,Meduza,russia,deaths_via_meduza_10,estimate_high,6051.173751628454,160.88627523677886,113.37070234530363,126.15272076910769,38.919,179468054160.97656,60,0.3333333333333333,deaths
2022-05-02,Meduza,russia,deaths_via_meduza_11,estimate,5452.514523531236,173.32631267225483,121.36499733171961,130.98900267605916,42.543,180087759831.804,67,0.3333333333333333,deaths
2022-05-02,Meduza,russia,deaths_via_meduza_11,estimate_low,4821.17727934761,173.32631267225483,121.36499733171961,130.98900267605916,42.543,180087759831.804,67,0.3333333333333333,deaths
2022-05-02,Meduza,russia,deaths_via_meduza_11,estimate_high,6394.146888426979,173.32631267225483,121.36499733171961,130.98900267605916,42.543,180087759831.804,67,0.3333333333333333,deaths
2022-05-09,Meduza,russia,deaths_via_meduza_12,estimate,5672.8972566513185,202.16792423060116,144.56160172532884,154.50756739627164,44.823,181858491020.06415,74,0.3333333333333333,deaths
2022-05-09,Meduza,russia,deaths_via_meduza_12,estimate_low,5015.1324107812925,202.16792423060116,144.56160172532884,154.50756739627164,44.823,181858491020.06415,74,0.3333333333333333,deaths
2022-05-09,Meduza,russia,deaths_via_meduza_12,estimate_high,6652.316838448356,202.16792423060116,144.56160172532884,154.50756739627164,44.823,181858491020.06415,74,0.3333333333333333,deaths
2022-05-16,Meduza,russia,deaths_via_meduza_13,estimate,5921.012161904969,225.05859787017022,162.69049598524433,172.92974751559873,47.936,182090598976.71725,81,0.3333333333333333,deaths
2022-05-16,Meduza,russia,deaths_via_meduza_13,estimate_low,5233.894325202405,225.05859787017022,162.69049598524433,172.92974751559873,47.936,182090598976.71725,81,0.3333333333333333,deaths
2022-05-16,Meduza,russia,deaths_via_meduza_13,estimate_high,6943.326228509312,225.05859787017022,162.69049598524433,172.92974751559873,47.936,182090598976.71725,81,0.3333333333333333,deaths
2022-05-23,Meduza,russia,deaths_via_meduza_14,estimate,6166.690802935303,244.9984661642584,169.1643866815966,189.7116027302224,52.364,182920875343.60376,88,0.3333333333333333,deaths
2022-05-23,Meduza,russia,deaths_via_meduza_14,estimate_low,5446.76173936684,244.9984661642584,169.1643866815966,189.7116027302224,52.364,182920875343.60376,88,0.3333333333333333,deaths
2022-05-23,Meduza,russia,deaths_via_meduza_14,estimate_high,7240.450156890145,244.9984661642584,169.1643866815966,189.7116027302224,52.364,182920875343.60376,88,0.3333333333333333,deaths
2022-05-30,Meduza,russia,deaths_via_meduza_15,estimate,6357.335542721752,263.930160514307,182.0744277463183,202.86141005377658,56.542,183384314701.62115,95,0.3333333333333333,deaths
2022-05-30,Meduza,russia,deaths_via_meduza_15,estimate_low,5614.243559051998,263.930160514307,182.0744277463183,202.86141005377658,56.542,183384314701.62115,95,0.3333333333333333,deaths
2022-05-30,Meduza,russia,deaths_via_meduza_15,estimate_high,7465.4846315741825,263.930160514307,182.0744277463183,202.86141005377658,56.542,183384314701.62115,95,0.3333333333333333,deaths
2022-06-06,Meduza,russia,deaths_via_meduza_16,estimate,6562.56537930359,281.15038227323316,188.97213268944694,217.90210681246597,59.493,183816569508.79163,102,0.3333333333333333,deaths
2022-06-06,Meduza,russia,deaths_via_meduza_16,estimate_low,5796.7544232210485,281.15038227323316,188.97213268944694,217.90210681246597,59.493,183816569508.79163,102,0.3333333333333333,deaths
2022-06-06,Meduza,russia,deaths_via_meduza_16,estimate_high,7698.831380597237,281.15038227323316,188.97213268944694,217.90210681246597,59.493,183816569508.79163,102,0.3333333333333333,deaths
2022-06-13,Meduza,russia,deaths_via_meduza_17,estimate,6696.898213493557,307.8431672483473,212.17548738189242,237.0696680919951,61.498,184025308653.8994,109,0.3333333333333333,deaths
2022-06-13,Meduza,russia,deaths_via_meduza_17,estimate_low,5917.91900781178,307.8431672483473,212.17548738189242,237.0696680919951,61.498,184025308653.8994,109,0.3333333333333333,deaths
2022-06-13,Meduza,russia,deaths_via_meduza_17,estimate_high,7846.69953612747,307.8431672483473,212.17548738189242,237.0696680919951,61.498,184025308653.8994,109,0.3333333333333333,deaths
2022-06-20,Meduza,russia,deaths_via_meduza_18,estimate,6997.517826376057,330.4505220929885,233.48780601519147,244.1031745762828,64.648,184253945621.59747,116,0.3333333333333333,deaths
2022-06-20,Meduza,russia,deaths_via_meduza_18,estimate_low,6187.212134097817,330.4505220929885,233.48780601519147,244.1031745762828,64.648,184253945621.59747,116,0.3333333333333333,deaths
2022-06-20,Meduza,russia,deaths_via_meduza_18,estimate_high,8185.920971244594,330.4505220929885,233.48780601519147,244.1031745762828,64.648,184253945621.59747,116,0.3333333333333333,deaths
2022-06-27,Meduza,russia,deaths_via_meduza_19,estimate,7223.171052245141,354.3403020249153,256.38315353952413,252.9441888867667,68.997,184766016075.05774,123,0.3333333333333333,deaths
2022-06-27,Meduza,russia,deaths_via_meduza_19,estimate_low,6385.623824515699,354.3403020249153,256.38315353952413,252.9441888867667,68.997,184766016075.05774,123,0.3333333333333333,deaths
2022-06-27,Meduza,russia,deaths_via_meduza_19,estimate_high,8451.585908317353,354.3403020249153,256.38315353952413,252.9441888867667,68.997,184766016075.05774,123,0.3333333333333333,deaths
2022-07-04,Meduza,russia,deaths_via_meduza_20,estimate,7495.57791424588,385.90170630311945,286.57996065975067,271.0768815914642,70.582,185245930335.5867,130,0.3333333333333333,deaths
2022-07-04,Meduza,russia,deaths_via_meduza_20,estimate_low,6630.1444610638,385.90170630311945,286.57996065975067,271.0768815914642,70.582,185245930335.5867,130,0.3333333333333333,deaths
2022-07-04,Meduza,russia,deaths_via_meduza_20,estimate_high,8759.385268791297,385.90170630311945,286.57996065975067,271.0768815914642,70.582,185245930335.5867,130,0.3333333333333333,deaths
2022-07-11,Meduza,russia,deaths_via_meduza_21,estimate,7672.184485207311,420.0208869394153,317.31253181368686,297.1366284573229,74.034,185337975402.236,137,0.3333333333333333,deaths
2022-07-11,Meduza,russia,deaths_via_meduza_21,estimate_low,6785.78697353017,420.0208869394153,317.31253181368686,297.1366284573229,74.034,185337975402.236,137,0.3333333333333333,deaths
2022-07-11,Meduza,russia,deaths_via_meduza_21,estimate_high,8962.883559173619,420.0208869394153,317.31253181368686,297.1366284573229,74.034,185337975402.236,137,0.3333333333333333,deaths
2022-07-18,Meduza,russia,deaths_via_meduza_22,estimate,8000.826838190382,449.15002799234384,343.8973564303016,317.39667413319097,77.871,185379334062.70895,144,0.3333333333333333,deaths
2022-07-18,Meduza,russia,deaths_via_meduza_22,estimate_low,7072.758922303506,449.15002799234384,343.8973564303016,317.39667413319097,77.871,185379334062.70895,144,0.3333333333333333,deaths
2022-07-18,Meduza,russia,deaths_via_meduza_22,estimate_high,9353.079111092147,449.15002799234384,343.8973564303016,317.39667413319097,77.871,185379334062.70895,144,0.3333333333333333,deaths
2022-07-25,Meduza,russia,deaths_via_meduza_23,estimate,8135.857017960122,478.2972258825817,369.79153338014925,339.26597135015066,81.112,185586265572.10898,151,0.3333333333333333,deaths
2022-07-25,Meduza,russia,deaths_via_meduza_23,estimate_low,7186.160048607722,478.2972258825817,369.79153338014925,339.26597135015066,81.112,185586265572.10898,151,0.3333333333333333,deaths
2022-07-25,Meduza,russia,deaths_via_meduza_23,estimate_high,9526.82622974233,478.2972258825817,369.79153338014925,339.26597135015066,81.112,185586265572.10898,151,0.3333333333333333,deaths
2022-08-01,Meduza,russia,deaths_via_meduza_24,estimate,8281.436466191584,513.5458691259618,402.7513468882012,364.34980734922635,84.229,185721281517.40146,158,0.3333333333333333,deaths
2022-08-01,Meduza,russia,deaths_via_meduza_24,estimate_low,7315.739313145547,513.5458691259618,402.7513468882012,364.34980734922635,84.229,185721281517.40146,158,0.3333333333333333,deaths
2022-08-01,Meduza,russia,deaths_via_meduza_24,estimate_high,9690.727474662428,513.5458691259618,402.7513468882012,364.34980734922635,84.229,185721281517.40146,158,0.3333333333333333,deaths
2022-08-08,Meduza,russia,deaths_via_meduza_25,estimate,8449.905705100022,540.6366434107001,428.45079291300584,378.55854847763044,88.097,185837408593.84305,165,0.3333333333333333,deaths
2022-08-08,Meduza,russia,deaths_via_meduza_25,estimate_low,7465.189988152044,540.6366434107001,428.45079291300584,378.55854847763044,88.097,185837408593.84305,165,0.3333333333333333,deaths
2022-08-08,Meduza,russia,deaths_via_meduza_25,estimate_high,9881.852983514647,540.6366434107001,428.45079291300584,378.55854847763044,88.097,185837408593.84305,165,0.3333333333333333,deaths
2022-08-15,Meduza,russia,deaths_via_meduza_26,estimate,8685.848065103437,571.6661192065206,454.82400730092223,402.791209742297,92.706,185934121980.78598,172,0.3333333333333333,deaths
2022-08-15,Meduza,russia,deaths_via_meduza_26,estimate_low,7671.11890644468,571.6661192065206,454.82400730092223,402.791209742297,92.706,185934121980.78598,172,0.3333333333333333,deaths
2022-08-15,Meduza,russia,deaths_via_meduza_26,estimate_high,10164.061072344124,571.6661192065206,454.82400730092223,402.791209742297,92.706,185934121980.78598,172,0.3333333333333333,deaths
2022-08-22,Meduza,russia,deaths_via_meduza_27,estimate,8900.831746712372,588.1239247045216,467.89912811600334,412.6438249644593,95.775,186024044380.30695,179,0.3333333333333333,deaths
2022-08-22,Meduza,russia,deaths_via_meduza_27,estimate_low,7859.135902414768,588.1239247045216,467.89912811600334,412.6438249644593,95.775,186024044380.30695,179,0.3333333333333333,deaths
2022-08-22,Meduza,russia,deaths_via_meduza_27,estimate_high,10420.005714528,588.1239247045216,467.89912811600334,412.6438249644593,95.775,186024044380.30695,179,0.3333333333333333,deaths
2022-08-29,Meduza,russia,deaths_via_meduza_28,estimate,9264.736627837896,620.4898706645549,498.93647893921894,431.73799353401154,97.23,186208677571.80823,186,0.3333333333333333,deaths
2022-08-29,Meduza,russia,deaths_via_meduza_28,estimate_low,8178.72473939121,620.4898706645549,498.93647893921894,431.73799353401154,97.23,186208677571.80823,186,0.3333333333333333,deaths
2022-08-29,Meduza,russia,deaths_via_meduza_28,estimate_high,10848.353364604449,620.4898706645549,498.93647893921894,431.73799353401154,97.23,186208677571.80823,186,0.3333333333333333,deaths
2022-09-05,Meduza,russia,deaths_via_meduza_29,estimate,9779.456189610715,645.1353739642843,522.9633041990968,438.4024025543619,100.822,186449080612.52716,193,0.3333333333333333,deaths
2022-09-05,Meduza,russia,deaths_via_meduza_29,estimate_low,8633.292445380528,645.1353739642843,522.9633041990968,438.4024025543619,100.822,186449080612.52716,193,0.3333333333333333,deaths
2022-09-05,Meduza,russia,deaths_via_meduza_29,estimate_high,11451.356324849052,645.1353739642843,522.9633041990968,438.4024025543619,100.822,186449080612.52716,193,0.3333333333333333,deaths
2022-09-12,Meduza,russia,deaths_via_meduza_30,estimate,10186.215690790206,662.4778331092164,539.7212411860905,443.6598979263897,105.618,194870861318.30103,200,0.3333333333333333,deaths
2022-09-12,Meduza,russia,deaths_via_meduza_30,estimate_low,8980.713861064516,662.4778331092164,539.7212411860905,443.6598979263897,105.618,194870861318.30103,200,0.3333333333333333,deaths
2022-09-12,Meduza,russia,deaths_via_meduza_30,estimate_high,11960.71626982663,662.4778331092164,539.7212411860905,443.6598979263897,105.618,194870861318.30103,200,0.3333333333333333,deaths
2022-09-19,Meduza,russia,deaths_via_meduza_31,estimate,10706.438440418298,668.8339407699123,546.0773488467864,443.6598979263897,111.302,195201888821.44083,207,0.3333333333333333,deaths
2022-09-19,Meduza,russia,deaths_via_meduza_31,estimate_low,9432.327965426835,668.8339407699123,546.0773488467864,443.6598979263897,111.302,195201888821.44083,207,0.3333333333333333,deaths
2022-09-19,Meduza,russia,deaths_via_meduza_31,estimate_high,12589.340610560255,668.8339407699123,546.0773488467864,443.6598979263897,111.302,195201888821.44083,207,0.3333333333333333,deaths
2022-09-26,Meduza,russia,deaths_via_meduza_32,estimate,11403.29379223475,670.2202351310322,547.4636432079063,443.6598979263897,116.525,195604088554.32846,214,0.3333333333333333,deaths
2022-09-26,Meduza,russia,deaths_via_meduza_32,estimate_low,10039.447778523583,670.2202351310322,547.4636432079063,443.6598979263897,116.525,195604088554.32846,214,0.3333333333333333,deaths
2022-09-26,Meduza,russia,deaths_via_meduza_32,estimate_high,13425.338545159164,670.2202351310322,547.4636432079063,443.6598979263897,116.525,195604088554.32846,214,0.3333333333333333,deaths
2022-10-03,Meduza,russia,deaths_via_meduza_33,estimate,12033.4107407598,681.2303031418855,555.5469718166927,447.06109530805185,122.224,197323596171.7413,221,0.3333333333333333,deaths
2022-10-03,Meduza,russia,deaths_via_meduza_33,estimate_low,10590.480598699054,681.2303031418855,555.5469718166927,447.06109530805185,122.224,197323596171.7413,221,0.3333333333333333,deaths
2022-10-03,Meduza,russia,deaths_via_meduza_33,estimate_high,14175.582920877356,681.2303031418855,555.5469718166927,447.06109530805185,122.224,197323596171.7413,221,0.3333333333333333,deaths
2022-10-10,Meduza,russia,deaths_via_meduza_34,estimate,12473.820748880187,692.5210845558746,563.042513760577,453.1013500193293,124.765,198954869518.264,228,0.3333333333333333,deaths
2022-10-10,Meduza,russia,deaths_via_meduza_34,estimate_low,10980.029568966842,692.5210845558746,563.042513760577,453.1013500193293,124.765,198954869518.264,228,0.3333333333333333,deaths
2022-10-10,Meduza,russia,deaths_via_meduza_34,estimate_high,14686.12787199993,692.5210845558746,563.042513760577,453.1013500193293,124.765,198954869518.264,228,0.3333333333333333,deaths
2022-10-17,Meduza,russia,deaths_via_meduza_35,estimate,13024.554149376105,702.6556838293742,572.9539694827623,453.79449719988924,127.547,199263926762.65378,235,0.3333333333333333,deaths
2022-10-17,Meduza,russia,deaths_via_meduza_35,estimate_low,11467.981171403122,702.6556838293742,572.9539694827623,453.79449719988924,127.547,199263926762.65378,235,0.3333333333333333,deaths
2022-10-17,Meduza,russia,deaths_via_meduza_35,estimate_high,15324.839108220503,702.6556838293742,572.9539694827623,453.79449719988924,127.547,199263926762.65378,235,0.3333333333333333,deaths
2022-10-24,Meduza,russia,deaths_via_meduza_36,estimate,13726.96993349455,703.7542961180422,572.9539694827623,454.89310948855734,132.479,199517563570.96756,242,0.3333333333333333,deaths
2022-10-24,Meduza,russia,deaths_via_meduza_36,estimate_low,12091.008535121926,703.7542961180422,572.9539694827623,454.89310948855734,132.479,199517563570.96756,242,0.3333333333333333,deaths
2022-10-24,Meduza,russia,deaths_via_meduza_36,estimate_high,16135.30365189892,703.7542961180422,572.9539694827623,454.89310948855734,132.479,199517563570.96756,242,0.3333333333333333,deaths
2022-10-31,Meduza,russia,deaths_via_meduza_37,estimate,14550.29331315679,704.4474432986023,573.6471166633222,454.89310948855734,137.292,199803252865.7735,249,0.3333333333333333,deaths
2022-10-31,Meduza,russia,deaths_via_meduza_37,estimate_low,12826.755227479747,704.4474432986023,573.6471166633222,454.89310948855734,137.292,199803252865.7735,249,0.3333333333333333,deaths
2022-10-31,Meduza,russia,deaths_via_meduza_37,estimate_high,17071.998301209045,704.4474432986023,573.6471166633222,454.89310948855734,137.292,199803252865.7735,249,0.3333333333333333,deaths
2022-11-07,Meduza,russia,deaths_via_meduza_38,estimate,15559.912916440278,707.3378150564984,576.5374884212184,454.89310948855734,142.126,199926171622.83774,256,0.3333333333333333,deaths
2022-11-07,Meduza,russia,deaths_via_meduza_38,estimate_low,13715.633244376844,707.3378150564984,576.5374884212184,454.89310948855734,142.126,199926171622.83774,256,0.3333333333333333,deaths
2022-11-07,Meduza,russia,deaths_via_meduza_38,estimate_high,18259.917596426236,707.3378150564984,576.5374884212184,454.89310948855734,142.126,199926171622.83774,256,0.3333333333333333,deaths
2022-11-14,Meduza,russia,deaths_via_meduza_39,estimate,16536.090310706837,709.1295745257264,578.1469263336526,454.89310948855734,145.939,204927611892.5838,263,0.3333333333333333,deaths
2022-11-14,Meduza,russia,deaths_via_meduza_39,estimate_low,14579.257259612206,709.1295745257264,578.1469263336526,454.89310948855734,145.939,204927611892.5838,263,0.3333333333333333,deaths
2022-11-14,Meduza,russia,deaths_via_meduza_39,estimate_high,19392.47399130539,709.1295745257264,578.1469263336526,454.89310948855734,145.939,204927611892.5838,263,0.3333333333333333,deaths
2022-11-21,Meduza,russia,deaths_via_meduza_40,estimate,17367.356845940845,709.1295745257264,578.1469263336526,454.89310948855734,152.263,205066930957.28928,270,0.3333333333333333,deaths
2022-11-21,Meduza,russia,deaths_via_meduza_40,estimate_low,15313.469169885308,709.1295745257264,578.1469263336526,454.89310948855734,152.263,205066930957.28928,270,0.3333333333333333,deaths
2022-11-21,Meduza,russia,deaths_via_meduza_40,estimate_high,20362.12495925264,709.1295745257264,578.1469263336526,454.89310948855734,152.263,205066930957.28928,270,0.3333333333333333,deaths
2022-11-28,Meduza,russia,deaths_via_meduza_41,estimate,18579.867101285447,709.1295745257264,578.1469263336526,454.89310948855734,158.919,205136469863.45016,277,0.3333333333333333,deaths
2022-11-28,Meduza,russia,deaths_via_meduza_41,estimate_low,16378.978446130044,709.1295745257264,578.1469263336526,454.89310948855734,158.919,205136469863.45016,277,0.3333333333333333,deaths
2022-11-28,Meduza,russia,deaths_via_meduza_41,estimate_high,21785.1912038633,709.1295745257264,578.1469263336526,454.89310948855734,158.919,205136469863.45016,277,0.3333333333333333,deaths
2022-12-05,Meduza,russia,deaths_via_meduza_42,estimate,20004.546498774936,711.7686318553417,578.1469263336526,457.5321668181726,164.668,205258874556.4097,284,0.3333333333333333,deaths
2022-12-05,Meduza,russia,deaths_via_meduza_42,estimate_low,17638.911207275072,711.7686318553417,578.1469263336526,457.5321668181726,164.668,205258874556.4097,284,0.3333333333333333,deaths
2022-12-05,Meduza,russia,deaths_via_meduza_42,estimate_high,23435.089096590527,711.7686318553417,578.1469263336526,457.5321668181726,164.668,205258874556.4097,284,0.3333333333333333,deaths
2022-12-12,Meduza,russia,deaths_via_meduza_43,estimate,21022.124082100632,711.7686318553417,578.1469263336526,457.5321668181726,171.038,205270994494.2544,291,0.3333333333333333,deaths
2022-12-12,Meduza,russia,deaths_via_meduza_43,estimate_low,18537.932136949377,711.7686318553417,578.1469263336526,457.5321668181726,171.038,205270994494.2544,291,0.3333333333333333,deaths
2022-12-12,Meduza,russia,deaths_via_meduza_43,estimate_high,24615.240874920768,711.7686318553417,578.1469263336526,457.5321668181726,171.038,205270994494.2544,291,0.3333333333333333,deaths
2022-12-19,Meduza,russia,deaths_via_meduza_44,estimate,22304.581275994708,711.7686318553417,578.1469263336526,457.5321668181726,176.854,205356851342.86823,298,0.3333333333333333,deaths
2022-12-19,Meduza,russia,deaths_via_meduza_44,estimate_low,19668.333836693197,711.7686318553417,578.1469263336526,457.5321668181726,176.854,205356851342.86823,298,0.3333333333333333,deaths
2022-12-19,Meduza,russia,deaths_via_meduza_44,estimate_high,26102.56436275219,711.7686318553417,578.1469263336526,457.5321668181726,176.854,205356851342.86823,298,0.3333333333333333,deaths
2022-12-26,Meduza,russia,deaths_via_meduza_45,estimate,23904.076562100385,711.7686318553417,578.1469263336526,457.5321668181726,182.94,205365779884.26895,305,0.3333333333333333,deaths
2022-12-26,Meduza,russia,deaths_via_meduza_45,estimate_low,21081.22160755352,711.7686318553417,578.1469263336526,457.5321668181726,182.94,205365779884.26895,305,0.3333333333333333,deaths
2022-12-26,Meduza,russia,deaths_via_meduza_45,estimate_high,27950.000572215937,711.7686318553417,578.1469263336526,457.5321668181726,182.94,205365779884.26895,305,0.3333333333333333,deaths
2023-01-02,Meduza,russia,deaths_via_meduza_46,estimate,25350.512296966863,714.4076891849569,580.7859836632678,457.5321668181726,187.523,205541605199.9964,312,0.3333333333333333,deaths
2023-01-02,Meduza,russia,deaths_via_meduza_46,estimate_low,22357.658900568997,714.4076891849569,580.7859836632678,457.5321668181726,187.523,205541605199.9964,312,0.3333333333333333,deaths
2023-01-02,Meduza,russia,deaths_via_meduza_46,estimate_high,29628.57274362511,714.4076891849569,580.7859836632678,457.5321668181726,187.523,205541605199.9964,312,0.3333333333333333,deaths
2023-01-09,Meduza,russia,deaths_via_meduza_47,estimate,26696.56958396747,715.1008363655169,581.4791308438278,457.5321668181726,192.577,205685163624.58847,319,0.3333333333333333,deaths
2023-01-09,Meduza,russia,deaths_via_meduza_47,estimate_low,23544.717939869344,715.1008363655169,581.4791308438278,457.5321668181726,192.577,205685163624.58847,319,0.3333333333333333,deaths
2023-01-09,Meduza,russia,deaths_via_meduza_47,estimate_high,31190.334104017777,715.1008363655169,581.4791308438278,457.5321668181726,192.577,205685163624.58847,319,0.3333333333333333,deaths
2023-01-16,Meduza,russia,deaths_via_meduza_48,estimate,27875.41596215606,715.7939835460768,582.1722780243877,457.5321668181726,198.577,205755931490.95224,326,0.3333333333333333,deaths
2023-01-16,Meduza,russia,deaths_via_meduza_48,estimate_low,24589.355578907835,715.7939835460768,582.1722780243877,457.5321668181726,198.577,205755931490.95224,326,0.3333333333333333,deaths
2023-01-16,Meduza,russia,deaths_via_meduza_48,estimate_high,32548.14211448193,715.7939835460768,582.1722780243877,457.5321668181726,198.577,205755931490.95224,326,0.3333333333333333,deaths
2023-01-23,Meduza,russia,deaths_via_meduza_49,estimate,29166.997164340977,721.0720982053074,587.4503926836181,457.5321668181726,204.431,205932817667.7684,333,0.3333333333333333,deaths
2023-01-23,Meduza,russia,deaths_via_meduza_49,estimate_low,25731.735049821997,721.0720982053074,587.4503926836181,457.5321668181726,204.431,205932817667.7684,333,0.3333333333333333,deaths
2023-01-23,Meduza,russia,deaths_via_meduza_49,estimate_high,34039.2577733468,721.0720982053074,587.4503926836181,457.5321668181726,204.431,205932817667.7684,333,0.3333333333333333,deaths
2023-01-30,Meduza,russia,deaths_via_meduza_50,estimate,30867.556166355407,721.0720982053074,587.4503926836181,457.5321668181726,209.805,206018094245.34906,340,0.3333333333333333,deaths
2023-01-30,Meduza,russia,deaths_via_meduza_50,estimate_low,27233.49347429614,721.0720982053074,587.4503926836181,457.5321668181726,209.805,206018094245.34906,340,0.3333333333333333,deaths
2023-01-30,Meduza,russia,deaths_via_meduza_50,estimate_high,36008.16102089701,721.0720982053074,587.4503926836181,457.5321668181726,209.805,206018094245.34906,340,0.3333333333333333,deaths
2023-02-06,Meduza,russia,deaths_via_meduza_51,estimate,32672.11469303022,721.0720982053074,587.4503926836181,457.5321668181726,215.725,206077092138.72852,347,0.3333333333333333,deaths
2023-02-06,Meduza,russia,deaths_via_meduza_51,estimate_low,28826.89518010546,721.0720982053074,587.4503926836181,457.5321668181726,215.725,206077092138.72852,347,0.3333333333333333,deaths
2023-02-06,Meduza,russia,deaths_via_meduza_51,estimate_high,38105.37947983469,721.0720982053074,587.4503926836181,457.5321668181726,215.725,206077092138.72852,347,0.3333333333333333,deaths
2023-02-13,Meduza,russia,deaths_via_meduza_52,estimate,34289.70484366424,721.0720982053074,587.4503926836181,457.5321668181726,219.596,206145075054.8734,354,0.3333333333333333,deaths
2023-02-13,Meduza,russia,deaths_via_meduza_52,estimate_low,30258.467114829073,721.0720982053074,587.4503926836181,457.5321668181726,219.596,206145075054.8734,354,0.3333333333333333,deaths
2023-02-13,Meduza,russia,deaths_via_meduza_52,estimate_high,39973.81331136576,721.0720982053074,587.4503926836181,457.5321668181726,219.596,206145075054.8734,354,0.3333333333333333,deaths
2023-02-20,Meduza,russia,deaths_via_meduza_53,estimate,35721.69198235647,721.0720982053074,587.4503926836181,457.5321668181726,224.911,206198763877.28458,361,0.3333333333333333,deaths
2023-02-20,Meduza,russia,deaths_via_meduza_53,estimate_low,31512.44901065714,721.0720982053074,587.4503926836181,457.5321668181726,224.911,206198763877.28458,361,0.3333333333333333,deaths
2023-02-20,Meduza,russia,deaths_via_meduza_53,estimate_high,41662.13969732269,721.0720982053074,587.4503926836181,457.5321668181726,224.911,206198763877.28458,361,0.3333333333333333,deaths
2023-02-27,Meduza,russia,deaths_via_meduza_54,estimate,37138.48488172729,721.0720982053074,587.4503926836181,457.5321668181726,230.381,206264064044.27368,368,0.3333333333333333,deaths
2023-02-27,Meduza,russia,deaths_via_meduza_54,estimate_low,32763.31488745897,721.0720982053074,587.4503926836181,457.5321668181726,230.381,206264064044.27368,368,0.3333333333333333,deaths
2023-02-27,Meduza,russia,deaths_via_meduza_54,estimate_high,43307.39175078185,721.0720982053074,587.4503926836181,457.5321668181726,230.381,206264064044.27368,368,0.3333333333333333,deaths
2023-03-06,Meduza,russia,deaths_via_meduza_55,estimate,38404.63854635944,730.6217638828872,594.8769417560155,463.07734426265216,234.765,206525959581.84152,375,0.3333333333333333,deaths
2023-03-06,Meduza,russia,deaths_via_meduza_55,estimate_low,33879.3534301652,730.6217638828872,594.8769417560155,463.07734426265216,234.765,206525959581.84152,375,0.3333333333333333,deaths
2023-03-06,Meduza,russia,deaths_via_meduza_55,estimate_high,44782.3937476642,730.6217638828872,594.8769417560155,463.07734426265216,234.765,206525959581.84152,375,0.3333333333333333,deaths
2023-03-13,Meduza,russia,deaths_via_meduza_56,estimate,39612.0753539578,747.8021397332661,609.2140991763773,473.52779648557015,239.932,206569584795.8836,382,0.3333333333333333,deaths
2023-03-13,Meduza,russia,deaths_via_meduza_56,estimate_low,34951.248214491985,747.8021397332661,609.2140991763773,473.52779648557015,239.932,206569584795.8836,382,0.3333333333333333,deaths
2023-03-13,Meduza,russia,deaths_via_meduza_56,estimate_high,46167.384037530355,747.8021397332661,609.2140991763773,473.52779648557015,239.932,206569584795.8836,382,0.3333333333333333,deaths
2023-03-20,Meduza,russia,deaths_via_meduza_57,estimate,41212.450658976006,764.9181624333017,616.9216113709776,488.64545428539566,245.035,206625961368.83865,389,0.3333333333333333,deaths
2023-03-20,Meduza,russia,deaths_via_meduza_57,estimate_low,36361.96289460228,764.9181624333017,616.9216113709776,488.64545428539566,245.035,206625961368.83865,389,0.3333333333333333,deaths
2023-03-20,Meduza,russia,deaths_via_meduza_57,estimate_high,48025.69213098745,764.9181624333017,616.9216113709776,488.64545428539566,245.035,206625961368.83865,389,0.3333333333333333,deaths
2023-03-27,Meduza,russia,deaths_via_meduza_58,estimate,42107.85987147065,795.9277876016398,639.3743859689736,514.2692286160703,250.365,206644395046.9923,396,0.3333333333333333,deaths
2023-03-27,Meduza,russia,deaths_via_meduza_58,estimate_low,37158.417505062585,795.9277876016398,639.3743859689736,514.2692286160703,250.365,206644395046.9923,396,0.3333333333333333,deaths
2023-03-27,Meduza,russia,deaths_via_meduza_58,estimate_high,49050.05345680759,795.9277876016398,639.3743859689736,514.2692286160703,250.365,206644395046.9923,396,0.3333333333333333,deaths
2023-04-03,Meduza,russia,deaths_via_meduza_59,estimate,42903.64065334773,804.2987982828779,641.4538275106535,522.0524526324065,256.095,206663619123.49606,403,0.3333333333333333,deaths
2023-04-03,Meduza,russia,deaths_via_meduza_59,estimate_low,37862.38347079059,804.2987982828779,641.4538275106535,522.0524526324065,256.095,206663619123.49606,403,0.3333333333333333,deaths
2023-04-03,Meduza,russia,deaths_via_meduza_59,estimate_high,49965.26917775674,804.2987982828779,641.4538275106535,522.0524526324065,256.095,206663619123.49606,403,0.3333333333333333,deaths
2023-04-10,Meduza,russia,deaths_via_meduza_60,estimate,43709.0495908607,818.0520078146448,649.6400135048796,533.3519868375051,262.106,206704954785.68103,410,0.3333333333333333,deaths
2023-04-10,Meduza,russia,deaths_via_meduza_60,estimate_low,38578.9814282539,818.0520078146448,649.6400135048796,533.3519868375051,262.106,206704954785.68103,410,0.3333333333333333,deaths
2023-04-10,Meduza,russia,deaths_via_meduza_60,estimate_high,50885.14448663399,818.0520078146448,649.6400135048796,533.3519868375051,262.106,206704954785.68103,410,0.3333333333333333,deaths
2023-04-17,Meduza,russia,deaths_via_meduza_61,estimate,44485.28285633152,832.9358776181061,660.285438402145,545.3605836784697,268.05,206729899025.89404,417,0.3333333333333333,deaths
2023-04-17,Meduza,russia,deaths_via_meduza_61,estimate_low,39263.11822760184,832.9358776181061,660.285438402145,545.3605836784697,268.05,206729899025.89404,417,0.3333333333333333,deaths
2023-04-17,Meduza,russia,deaths_via_meduza_61,estimate_high,51785.5806449034,832.9358776181061,660.285438402145,545.3605836784697,268.05,206729899025.89404,417,0.3333333333333333,deaths
2023-04-24,Meduza,russia,deaths_via_meduza_62,estimate,45325.39793562409,848.6859137662591,669.2625848869535,559.0521012086281,273.16,206806060141.74655,424,0.3333333333333333,deaths
2023-04-24,Meduza,russia,deaths_via_meduza_62,estimate_low,40007.806823241386,848.6859137662591,669.2625848869535,559.0521012086281,273.16,206806060141.74655,424,0.3333333333333333,deaths
2023-04-24,Meduza,russia,deaths_via_meduza_62,estimate_high,52753.23231297229,848.6859137662591,669.2625848869535,559.0521012086281,273.16,206806060141.74655,424,0.3333333333333333,deaths
2023-05-01,Meduza,russia,deaths_via_meduza_63,estimate,45965.27044623989,868.2805665586487,676.9587975262999,575.0280686197364,278.232,206817001612.48944,431,0.3333333333333333,deaths
2023-05-01,Meduza,russia,deaths_via_meduza_63,estimate_low,40578.67612565803,868.2805665586487,676.9587975262999,575.0280686197364,278.232,206817001612.48944,431,0.3333333333333333,deaths
2023-05-01,Meduza,russia,deaths_via_meduza_63,estimate_high,53477.7771611415,868.2805665586487,676.9587975262999,575.0280686197364,278.232,206817001612.48944,431,0.3333333333333333,deaths
2023-05-08,Meduza,russia,deaths_via_meduza_64,estimate,46921.0170359062,899.1299319769324,699.9225629240639,601.8924064915724,282.514,206818438860.60822,438,0.3333333333333333,deaths
2023-05-08,Meduza,russia,deaths_via_meduza_64,estimate_low,41420.05139198467,899.1299319769324,699.9225629240639,601.8924064915724,282.514,206818438860.60822,438,0.3333333333333333,deaths
2023-05-08,Meduza,russia,deaths_via_meduza_64,estimate_high,54593.71809401389,899.1299319769324,699.9225629240639,601.8924064915724,282.514,206818438860.60822,438,0.3333333333333333,deaths
2023-05-15,Meduza,russia,deaths_via_meduza_65,estimate,47827.45139889477,924.3343466276286,716.2257637539427,624.9274404600527,286.129,206875435505.1882,445,0.3333333333333333,deaths
2023-05-15,Meduza,russia,deaths_via_meduza_65,estimate_low,42216.94932896231,924.3343466276286,716.2257637539427,624.9274404600527,286.129,206875435505.1882,445,0.3333333333333333,deaths
2023-05-15,Meduza,russia,deaths_via_meduza_65,estimate_high,55650.43863057665,924.3343466276286,716.2257637539427,624.9274404600527,286.129,206875435505.1882,445,0.3333333333333333,deaths
2023-05-22,Meduza,russia,deaths_via_meduza_66,estimate,48539.08358516363,957.9802919211851,742.7544852755997,653.47406947546,290.13,206918691988.2523,452,0.3333333333333333,deaths
2023-05-22,Meduza,russia,deaths_via_meduza_66,estimate_low,42844.597106041336,957.9802919211851,742.7544852755997,653.47406947546,290.13,206918691988.2523,452,0.3333333333333333,deaths
2023-05-22,Meduza,russia,deaths_via_meduza_66,estimate_high,56479.98460348862,957.9802919211851,742.7544852755997,653.47406947546,290.13,206918691988.2523,452,0.3333333333333333,deaths
2023-05-29,Meduza,russia,deaths_via_meduza_67,estimate,49340.83851103629,983.8830506278507,754.5610947652174,677.7298953005758,294.638,206926147729.14044,459,0.3333333333333333,deaths
2023-05-29,Meduza,russia,deaths_via_meduza_67,estimate_low,43552.92843776176,983.8830506278507,754.5610947652174,677.7298953005758,294.638,206926147729.14044,459,0.3333333333333333,deaths
2023-05-29,Meduza,russia,deaths_via_meduza_67,estimate_high,57412.03599773973,983.8830506278507,754.5610947652174,677.7298953005758,294.638,206926147729.14044,459,0.3333333333333333,deaths
2023-06-05,Meduza,russia,deaths_via_meduza_68,estimate,50272.08978508634,1014.2743455311262,770.3292129936847,706.5694877887427,297.389,206965982833.67596,466,0.3333333333333333,deaths
2023-06-05,Meduza,russia,deaths_via_meduza_68,estimate_low,44379.75167196836,1014.2743455311262,770.3292129936847,706.5694877887427,297.389,206965982833.67596,466,0.3333333333333333,deaths
2023-06-05,Meduza,russia,deaths_via_meduza_68,estimate_high,58484.97845884684,1014.2743455311262,770.3292129936847,706.5694877887427,297.389,206965982833.67596,466,0.3333333333333333,deaths
2023-06-12,Meduza,russia,deaths_via_meduza_69,estimate,51443.81933469688,1043.669048509956,797.0816394615431,727.3949543384236,302.611,207613034070.3023,473,0.3333333333333333,deaths
2023-06-12,Meduza,russia,deaths_via_meduza_69,estimate_low,45411.0822242552,1043.669048509956,797.0816394615431,727.3949543384236,302.611,207613034070.3023,473,0.3333333333333333,deaths
2023-06-12,Meduza,russia,deaths_via_meduza_69,estimate_high,59853.28331292835,1043.669048509956,797.0816394615431,727.3949543384236,302.611,207613034070.3023,473,0.3333333333333333,deaths
2023-06-19,Meduza,russia,deaths_via_meduza_70,estimate,52421.71380570698,1071.3445053472137,816.6122284539055,752.174302563933,307.168,207950588719.21353,480,0.3333333333333333,deaths
2023-06-19,Meduza,russia,deaths_via_meduza_70,estimate_low,46272.781043129005,1071.3445053472137,816.6122284539055,752.174302563933,307.168,207950588719.21353,480,0.3333333333333333,deaths
2023-06-19,Meduza,russia,deaths_via_meduza_70,estimate_high,60986.81536424051,1071.3445053472137,816.6122284539055,752.174302563933,307.168,207950588719.21353,480,0.3333333333333333,deaths
2023-06-26,Meduza,russia,deaths_via_meduza_71,estimate,53540.37560496862,1102.8413640972237,839.7698441160445,780.6795876841359,311.414,207976685580.4264,487,0.3333333333333333,deaths
2023-06-26,Meduza,russia,deaths_via_meduza_71,estimate_low,47259.90682191317,1102.8413640972237,839.7698441160445,780.6795876841359,311.414,207976685580.4264,487,0.3333333333333333,deaths
2023-06-26,Meduza,russia,deaths_via_meduza_71,estimate_high,62287.56987722676,1102.8413640972237,839.7698441160445,780.6795876841359,311.414,207976685580.4264,487,0.3333333333333333,deaths
2023-07-03,Meduza,russia,deaths_via_meduza_72,estimate,54556.606035929755,1130.4879885684463,862.491426121126,802.261703173288,315.805,208003747063.33212,494,0.3333333333333333,deaths
2023-07-03,Meduza,russia,deaths_via_meduza_72,estimate_low,48158.907917269375,1130.4879885684463,862.491426121126,802.261703173288,315.805,208003747063.33212,494,0.3333333333333333,deaths
2023-07-03,Meduza,russia,deaths_via_meduza_72,estimate_high,63467.35667591319,1130.4879885684463,862.491426121126,802.261703173288,315.805,208003747063.33212,494,0.3333333333333333,deaths
2023-07-10,Meduza,russia,deaths_via_meduza_73,estimate,55111.42119734248,1168.3452771542177,894.9566081963859,834.921321458485,320.311,208046498003.42316,501,0.3333333333333333,deaths
2023-07-10,Meduza,russia,deaths_via_meduza_73,estimate_low,48654.16834942496,1168.3452771542177,894.9566081963859,834.921321458485,320.311,208046498003.42316,501,0.3333333333333333,deaths
2023-07-10,Meduza,russia,deaths_via_meduza_73,estimate_high,64097.05241987217,1168.3452771542177,894.9566081963859,834.921321458485,320.311,208046498003.42316,501,0.3333333333333333,deaths
2023-07-17,Meduza,russia,deaths_via_meduza_74,estimate,55816.64058556223,1204.5973105944067,923.2080515256882,868.3381675372777,323.702,208063048395.84177,508,0.3333333333333333,deaths
2023-07-17,Meduza,russia,deaths_via_meduza_74,estimate_low,49279.52684191211,1204.5973105944067,923.2080515256882,868.3381675372777,323.702,208063048395.84177,508,0.3333333333333333,deaths
2023-07-17,Meduza,russia,deaths_via_meduza_74,estimate_high,64908.202243215805,1204.5973105944067,923.2080515256882,868.3381675372777,323.702,208063048395.84177,508,0.3333333333333333,deaths
2023-07-24,Meduza,russia,deaths_via_meduza_75,estimate,56530.01536830728,1238.439975345864,945.819269531223,899.9157395250797,327.739,208093892503.12662,515,0.3333333333333333,deaths
2023-07-24,Meduza,russia,deaths_via_meduza_75,estimate_low,49905.33677139024,1238.439975345864,945.819269531223,899.9157395250797,327.739,208093892503.12662,515,0.3333333333333333,deaths
2023-07-24,Meduza,russia,deaths_via_meduza_75,estimate_high,65746.3662516905,1238.439975345864,945.819269531223,899.9157395250797,327.739,208093892503.12662,515,0.3333333333333333,deaths
2023-07-31,Meduza,russia,deaths_via_meduza_76,estimate,57280.42156182129,1272.7057578222248,969.3878864858054,931.6790623324283,332.079,208336171863.94275,522,0.3333333333333333,deaths
2023-07-31,Meduza,russia,deaths_via_meduza_76,estimate_low,50569.703304848575,1272.7057578222248,969.3878864858054,931.6790623324283,332.079,208336171863.94275,522,0.3333333333333333,deaths
2023-07-31,Meduza,russia,deaths_via_meduza_76,estimate_high,66607.40971587274,1272.7057578222248,969.3878864858054,931.6790623324283,332.079,208336171863.94275,522,0.3333333333333333,deaths
2023-08-07,Meduza,russia,deaths_via_meduza_77,estimate,57934.27765417074,1288.6274146551275,983.009035293881,945.5358472625746,334.967,208345095254.01544,529,0.3333333333333333,deaths
2023-08-07,Meduza,russia,deaths_via_meduza_77,estimate_low,51148.39546672511,1288.6274146551275,983.009035293881,945.5358472625746,334.967,208345095254.01544,529,0.3333333333333333,deaths
2023-08-07,Meduza,russia,deaths_via_meduza_77,estimate_high,67363.00779649914,1288.6274146551275,983.009035293881,945.5358472625746,334.967,208345095254.01544,529,0.3333333333333333,deaths
2023-08-14,Meduza,russia,deaths_via_meduza_78,estimate,58846.25854197539,1304.2359811748433,996.8931386433109,958.5328514778145,338.257,208367074712.70667,536,0.3333333333333333,deaths
2023-08-14,Meduza,russia,deaths_via_meduza_78,estimate_low,51952.57864093917,1304.2359811748433,996.8931386433109,958.5328514778145,338.257,208367074712.70667,536,0.3333333333333333,deaths
2023-08-14,Meduza,russia,deaths_via_meduza_78,estimate_high,68423.26179124456,1304.2359811748433,996.8931386433109,958.5328514778145,338.257,208367074712.70667,536,0.3333333333333333,deaths
2023-08-21,Meduza,russia,deaths_via_meduza_79,estimate,59639.77526183471,1349.937008939198,1040.236052295924,995.3589959280117,340.194,208374419378.5375,543,0.3333333333333333,deaths
2023-08-21,Meduza,russia,deaths_via_meduza_79,estimate_low,52649.81156034577,1349.937008939198,1040.236052295924,995.3589959280117,340.194,208374419378.5375,543,0.3333333333333333,deaths
2023-08-21,Meduza,russia,deaths_via_meduza_79,estimate_high,69351.70296053616,1349.937008939198,1040.236052295924,995.3589959280117,340.194,208374419378.5375,543,0.3333333333333333,deaths
2023-08-28,Meduza,russia,deaths_via_meduza_80,estimate,60448.60748048677,1395.9398791256428,1084.0320363118851,1032.174873475093,343.219,208409759784.87274,550,0.3333333333333333,deaths
2023-08-28,Meduza,russia,deaths_via_meduza_80,estimate_low,53362.913099093865,1395.9398791256428,1084.0320363118851,1032.174873475093,343.219,208409759784.87274,550,0.3333333333333333,deaths
2023-08-28,Meduza,russia,deaths_via_meduza_80,estimate_high,70287.93757211673,1395.9398791256428,1084.0320363118851,1032.174873475093,343.219,208409759784.87274,550,0.3333333333333333,deaths
2023-09-04,Meduza,russia,deaths_via_meduza_81,estimate,61269.11767913574,1439.4041301983173,1124.9035587850024,1067.2746175153386,346.979,208427333276.2558,557,0.3333333333333333,deaths
2023-09-04,Meduza,russia,deaths_via_meduza_81,estimate_low,54088.575347232654,1439.4041301983173,1124.9035587850024,1067.2746175153386,346.979,208427333276.2558,557,0.3333333333333333,deaths
2023-09-04,Meduza,russia,deaths_via_meduza_81,estimate_high,71235.85841651469,1439.4041301983173,1124.9035587850024,1067.2746175153386,346.979,208427333276.2558,557,0.3333333333333333,deaths
2023-09-11,Meduza,russia,deaths_via_meduza_82,estimate,62135.186044515576,1481.9852959074078,1164.5682053891724,1102.1040031239402,349.268,208437579244.46506,564,0.3333333333333333,deaths
2023-09-11,Meduza,russia,deaths_via_meduza_82,estimate_low,54856.64601636885,1481.9852959074078,1164.5682053891724,1102.1040031239402,349.268,208437579244.46506,564,0.3333333333333333,deaths
2023-09-11,Meduza,russia,deaths_via_meduza_82,estimate_high,72228.8611178041,1481.9852959074078,1164.5682053891724,1102.1040031239402,349.268,208437579244.46506,564,0.3333333333333333,deaths
2023-09-18,Meduza,russia,deaths_via_meduza_83,estimate,62738.45586434632,1517.8231493922228,1196.3309624025721,1132.1244342579912,352.107,208445637275.8567,571,0.3333333333333333,deaths
2023-09-18,Meduza,russia,deaths_via_meduza_83,estimate_low,55386.139625464755,1517.8231493922228,1196.3309624025721,1132.1244342579912,352.107,208445637275.8567,571,0.3333333333333333,deaths
2023-09-18,Meduza,russia,deaths_via_meduza_83,estimate_high,72938.65217279995,1517.8231493922228,1196.3309624025721,1132.1244342579912,352.107,208445637275.8567,571,0.3333333333333333,deaths
2023-09-25,Meduza,russia,deaths_via_meduza_84,estimate,63535.17871556678,1562.6981858861152,1238.2301167025207,1169.3416286126558,354.865,208457903239.00742,578,0.3333333333333333,deaths
2023-09-25,Meduza,russia,deaths_via_meduza_84,estimate_low,56089.6249540656,1562.6981858861152,1238.2301167025207,1169.3416286126558,354.865,208457903239.00742,578,0.3333333333333333,deaths
2023-09-25,Meduza,russia,deaths_via_meduza_84,estimate_high,73858.68298413481,1562.6981858861152,1238.2301167025207,1169.3416286126558,354.865,208457903239.00742,578,0.3333333333333333,deaths
2023-10-02,Meduza,russia,deaths_via_meduza_85,estimate,64443.096034158945,1611.6634406486237,1276.694656027898,1212.8373115501329,356.951,208472533274.82852,585,0.3333333333333333,deaths
2023-10-02,Meduza,russia,deaths_via_meduza_85,estimate_low,56897.32904445088,1611.6634406486237,1276.694656027898,1212.8373115501329,356.951,208472533274.82852,585,0.3333333333333333,deaths
2023-10-02,Meduza,russia,deaths_via_meduza_85,estimate_high,74900.26095217945,1611.6634406486237,1276.694656027898,1212.8373115501329,356.951,208472533274.82852,585,0.3333333333333333,deaths
2023-10-09,Meduza,russia,deaths_via_meduza_86,estimate,66238.34453001713,1647.1742673078559,1307.0502753027058,1243.2848493350261,361.014,208478535352.69904,592,0.3333333333333333,deaths
2023-10-09,Meduza,russia,deaths_via_meduza_86,estimate_low,58486.42802934665,1647.1742673078559,1307.0502753027058,1243.2848493350261,361.014,208478535352.69904,592,0.3333333333333333,deaths
2023-10-09,Meduza,russia,deaths_via_meduza_86,estimate_high,76971.72417646824,1647.1742673078559,1307.0502753027058,1243.2848493350261,361.014,208478535352.69904,592,0.3333333333333333,deaths
2023-10-16,Meduza,russia,deaths_via_meduza_87,estimate,67702.04842559907,1679.7319723979706,1333.3060598493619,1270.9760617240072,364.849,208491114078.56027,599,0.3333333333333333,deaths
2023-10-16,Meduza,russia,deaths_via_meduza_87,estimate_low,59775.340149482785,1679.7319723979706,1333.3060598493619,1270.9760617240072,364.849,208491114078.56027,599,0.3333333333333333,deaths
2023-10-16,Meduza,russia,deaths_via_meduza_87,estimate_high,78676.60805858078,1679.7319723979706,1333.3060598493619,1270.9760617240072,364.849,208491114078.56027,599,0.3333333333333333,deaths
2023-10-23,Meduza,russia,deaths_via_meduza_88,estimate,69020.42702712034,1707.8342391427439,1353.5609156665919,1294.2386121626776,369.505,208520837960.91058,606,0.3333333333333333,deaths
2023-10-23,Meduza,russia,deaths_via_meduza_88,estimate_low,60934.39618190521,1707.8342391427439,1353.5609156665919,1294.2386121626776,369.505,208520837960.91058,606,0.3333333333333333,deaths
2023-10-23,Meduza,russia,deaths_via_meduza_88,estimate_high,80221.26882318815,1707.8342391427439,1353.5609156665919,1294.2386121626776,369.505,208520837960.91058,606,0.3333333333333333,deaths
2023-10-30,Meduza,russia,deaths_via_meduza_89,estimate,70185.31430502365,1737.1418321024353,1378.9866119666544,1316.579201678312,374.65,208546747300.2748,613,0.3333333333333333,deaths
2023-10-30,Meduza,russia,deaths_via_meduza_89,estimate_low,61965.292802947966,1737.1418321024353,1378.9866119666544,1316.579201678312,374.65,208546747300.2748,613,0.3333333333333333,deaths
2023-10-30,Meduza,russia,deaths_via_meduza_89,estimate_high,81565.91007938428,1737.1418321024353,1378.9866119666544,1316.579201678312,374.65,208546747300.2748,613,0.3333333333333333,deaths
2023-11-06,Meduza,russia,deaths_via_meduza_90,estimate,71201.77780704563,1761.708898976101,1399.5529787003156,1334.094519760922,379.515,208552256916.5521,620,0.3333333333333333,deaths
2023-11-06,Meduza,russia,deaths_via_meduza_90,estimate_low,62867.51051613637,1761.708898976101,1399.5529787003156,1334.094519760922,379.515,208552256916.5521,620,0.3333333333333333,deaths
2023-11-06,Meduza,russia,deaths_via_meduza_90,estimate_high,82732.4614732117,1761.708898976101,1399.5529787003156,1334.094519760922,379.515,208552256916.5521,620,0.3333333333333333,deaths
2023-11-13,Meduza,russia,deaths_via_meduza_91,estimate,72253.85228910568,1782.311215927623,1415.746701169397,1348.102104167123,384.455,208569070598.91165,627,0.3333333333333333,deaths
2023-11-13,Meduza,russia,deaths_via_meduza_91,estimate_low,63793.15877448761,1782.311215927623,1415.746701169397,1348.102104167123,384.455,208569070598.91165,627,0.3333333333333333,deaths
2023-11-13,Meduza,russia,deaths_via_meduza_91,estimate_high,83968.12535723746,1782.311215927623,1415.746701169397,1348.102104167123,384.455,208569070598.91165,627,0.3333333333333333,deaths
2023-11-20,Meduza,russia,deaths_via_meduza_92,estimate,73349.37022397073,1789.583614320193,1418.049286262391,1354.4788311150216,390.663,208578192924.2812,634,0.3333333333333333,deaths
2023-11-20,Meduza,russia,deaths_via_meduza_92,estimate_low,64764.75163248095,1789.583614320193,1418.049286262391,1354.4788311150216,390.663,208578192924.2812,634,0.3333333333333333,deaths
2023-11-20,Meduza,russia,deaths_via_meduza_92,estimate_high,85229.15286125452,1789.583614320193,1418.049286262391,1354.4788311150216,390.663,208578192924.2812,634,0.3333333333333333,deaths
2023-11-27,Meduza,russia,deaths_via_meduza_93,estimate,74962.36435772825,1793.3212839384762,1420.534192912179,1356.2705905842497,396.796,208583782099.68518,641,0.3333333333333333,deaths
2023-11-27,Meduza,russia,deaths_via_meduza_93,estimate_low,66185.56315988775,1793.3212839384762,1420.534192912179,1356.2705905842497,396.796,208583782099.68518,641,0.3333333333333333,deaths
2023-11-27,Meduza,russia,deaths_via_meduza_93,estimate_high,87106.77987947056,1793.3212839384762,1420.534192912179,1356.2705905842497,396.796,208583782099.68518,641,0.3333333333333333,deaths
2023-12-04,Meduza,russia,deaths_via_meduza_94,estimate,76434.22227461307,1798.1087756812583,1421.920487273299,1359.1609623421457,402.615,208651770047.65115,648,0.3333333333333333,deaths
2023-12-04,Meduza,russia,deaths_via_meduza_94,estimate_low,67490.38531576235,1798.1087756812583,1421.920487273299,1359.1609623421457,402.615,208651770047.65115,648,0.3333333333333333,deaths
2023-12-04,Meduza,russia,deaths_via_meduza_94,estimate_high,88798.80785996672,1798.1087756812583,1421.920487273299,1359.1609623421457,402.615,208651770047.65115,648,0.3333333333333333,deaths
2023-12-11,Meduza,russia,deaths_via_meduza_95,estimate,77804.83282916584,1799.2073879699265,1422.6136344538588,1359.1609623421457,409.171,208700455835.5378,655,0.3333333333333333,deaths
2023-12-11,Meduza,russia,deaths_via_meduza_95,estimate_low,68697.56962953825,1799.2073879699265,1422.6136344538588,1359.1609623421457,409.171,208700455835.5378,655,0.3333333333333333,deaths
2023-12-11,Meduza,russia,deaths_via_meduza_95,estimate_high,90390.13043611258,1799.2073879699265,1422.6136344538588,1359.1609623421457,409.171,208700455835.5378,655,0.3333333333333333,deaths
2023-12-18,Meduza,russia,deaths_via_meduza_96,estimate,79341.7588002243,1801.1532981189816,1424.5595446029142,1359.1609623421457,415.675,208708897732.16666,662,0.3333333333333333,deaths
2023-12-18,Meduza,russia,deaths_via_meduza_96,estimate_low,70043.65466579894,1801.1532981189816,1424.5595446029142,1359.1609623421457,415.675,208708897732.16666,662,0.3333333333333333,deaths
2023-12-18,Meduza,russia,deaths_via_meduza_96,estimate_high,92204.32496199005,1801.1532981189816,1424.5595446029142,1359.1609623421457,415.675,208708897732.16666,662,0.3333333333333333,deaths
2023-12-25,Meduza,russia,deaths_via_meduza_97,estimate,80782.59074125688,1806.346254969872,1426.3513040721423,1362.379838167014,421.557,208725779977.194,669,0.3333333333333333,deaths
2023-12-25,Meduza,russia,deaths_via_meduza_97,estimate_low,71316.63546485246,1806.346254969872,1426.3513040721423,1362.379838167014,421.557,208725779977.194,669,0.3333333333333333,deaths
2023-12-25,Meduza,russia,deaths_via_meduza_97,estimate_high,93877.1863703662,1806.346254969872,1426.3513040721423,1362.379838167014,421.557,208725779977.194,669,0.3333333333333333,deaths
2024-01-01,Meduza,russia,deaths_via_meduza_98,estimate,81541.62352728052,1824.0957535268428,1429.5293579024901,1379.3076045747357,426.447,208736110724.4077,676,0.3333333333333333,deaths
2024-01-01,Meduza,russia,deaths_via_meduza_98,estimate_low,71984.60031349803,1824.0957535268428,1429.5293579024901,1379.3076045747357,426.447,208736110724.4077,676,0.3333333333333333,deaths
2024-01-01,Meduza,russia,deaths_via_meduza_98,estimate_high,94757.91279335864,1824.0957535268428,1429.5293579024901,1379.3076045747357,426.447,208736110724.4077,676,0.3333333333333333,deaths
2024-01-08,Meduza,russia,deaths_via_meduza_99,estimate,82411.0860228343,1828.883245269625,1429.5293579024901,1383.9127747607238,432.574,208759737961.8797,683,0.3333333333333333,deaths
2024-01-08,Meduza,russia,deaths_via_meduza_99,estimate_low,72749.0500554118,1828.883245269625,1429.5293579024901,1383.9127747607238,432.574,208759737961.8797,683,0.3333333333333333,deaths
2024-01-08,Meduza,russia,deaths_via_meduza_99,estimate_high,95776.02923422698,1828.883245269625,1429.5293579024901,1383.9127747607238,432.574,208759737961.8797,683,0.3333333333333333,deaths
2024-01-15,Meduza,russia,deaths_via_meduza_100,estimate,83498.65037458867,1828.883245269625,1429.5293579024901,1383.9127747607238,437.703,208767010579.4547,690,0.3333333333333333,deaths
2024-01-15,Meduza,russia,deaths_via_meduza_100,estimate_low,73702.02190749382,1828.883245269625,1429.5293579024901,1383.9127747607238,437.703,208767010579.4547,690,0.3333333333333333,deaths
2024-01-15,Meduza,russia,deaths_via_meduza_100,estimate_high,97049.06010434018,1828.883245269625,1429.5293579024901,1383.9127747607238,437.703,208767010579.4547,690,0.3333333333333333,deaths
2024-01-22,Meduza,russia,deaths_via_meduza_101,estimate,84652.88538649559,1837.3394137592034,1432.9950938052898,1389.288053168408,442.962,208780139262.1917,697,0.3333333333333333,deaths
2024-01-22,Meduza,russia,deaths_via_meduza_101,estimate_low,74707.49321196195,1837.3394137592034,1432.9950938052898,1389.288053168408,442.962,208780139262.1917,697,0.3333333333333333,deaths
2024-01-22,Meduza,russia,deaths_via_meduza_101,estimate_high,98429.7125152088,1837.3394137592034,1432.9950938052898,1389.288053168408,442.962,208780139262.1917,697,0.3333333333333333,deaths
2024-01-29,Meduza,russia,deaths_via_meduza_102,estimate,85671.0941095624,1838.7257081203234,1433.68824098585,1389.981200348968,449.064,208798264293.01675,704,0.3333333333333333,deaths
2024-01-29,Meduza,russia,deaths_via_meduza_102,estimate_low,75612.29677789038,1838.7257081203234,1433.68824098585,1389.981200348968,449.064,208798264293.01675,704,0.3333333333333333,deaths
2024-01-29,Meduza,russia,deaths_via_meduza_102,estimate_high,99595.22060173344,1838.7257081203234,1433.68824098585,1389.981200348968,449.064,208798264293.01675,704,0.3333333333333333,deaths
2024-02-05,Meduza,russia,deaths_via_meduza_103,estimate,89397.48826877719,1852.9321791001928,1438.88119783674,1401.2301602681036,454.213,208826331308.85855,711,0.3333333333333333,deaths
2024-02-05,Meduza,russia,deaths_via_meduza_103,estimate_low,78932.80483448792,1852.9321791001928,1438.88119783674,1401.2301602681036,454.213,208826331308.85855,711,0.3333333333333333,deaths
2024-02-05,Meduza,russia,deaths_via_meduza_103,estimate_high,103835.47434034874,1852.9321791001928,1438.88119783674,1401.2301602681036,454.213,208826331308.85855,711,0.3333333333333333,deaths
2024-02-12,Meduza,russia,deaths_via_meduza_104,estimate,90752.39118972595,1858.6157588675314,1439.9798101254082,1406.2205928548824,460.253,208847285904.75595,718,0.3333333333333333,deaths
2024-02-12,Meduza,russia,deaths_via_meduza_104,estimate_low,80117.77987477444,1858.6157588675314,1439.9798101254082,1406.2205928548824,460.253,208847285904.75595,718,0.3333333333333333,deaths
2024-02-12,Meduza,russia,deaths_via_meduza_104,estimate_high,105430.0301523341,1858.6157588675314,1439.9798101254082,1406.2205928548824,460.253,208847285904.75595,718,0.3333333333333333,deaths
2024-02-19,Meduza,russia,deaths_via_meduza_105,estimate,91870.45097836811,1868.016388965951,1441.7715695946363,1414.9280757727417,466.246,208921828887.00925,725,0.3333333333333333,deaths
2024-02-19,Meduza,russia,deaths_via_meduza_105,estimate_low,81097.86806567332,1868.016388965951,1441.7715695946363,1414.9280757727417,466.246,208921828887.00925,725,0.3333333333333333,deaths
2024-02-19,Meduza,russia,deaths_via_meduza_105,estimate_high,106741.39578216118,1868.016388965951,1441.7715695946363,1414.9280757727417,466.246,208921828887.00925,725,0.3333333333333333,deaths
2024-02-26,Meduza,russia,deaths_via_meduza_106,estimate,93447.4478389789,1896.0493276858288,1462.607101838586,1435.8398833012718,471.902,208948911943.07434,732,0.3333333333333333,deaths
2024-02-26,Meduza,russia,deaths_via_meduza_106,estimate_low,82482.04156033359,1896.0493276858288,1462.607101838586,1435.8398833012718,471.902,208948911943.07434,732,0.3333333333333333,deaths
2024-02-26,Meduza,russia,deaths_via_meduza_106,estimate_high,108587.97756170935,1896.0493276858288,1462.607101838586,1435.8398833012718,471.902,208948911943.07434,732,0.3333333333333333,deaths
2024-03-04,Meduza,russia,deaths_via_meduza_107,estimate,95634.30209409478,1928.2204618469511,1489.622331327838,1463.020404452919,475.767,208968527675.80374,739,0.3333333333333333,deaths
2024-03-04,Meduza,russia,deaths_via_meduza_107,estimate_low,84407.21087214553,1928.2204618469511,1489.622331327838,1463.020404452919,475.767,208968527675.80374,739,0.3333333333333333,deaths
2024-03-04,Meduza,russia,deaths_via_meduza_107,estimate_high,111136.48128545051,1928.2204618469511,1489.622331327838,1463.020404452919,475.767,208968527675.80374,739,0.3333333333333333,deaths
2024-03-11,Meduza,russia,deaths_via_meduza_108,estimate,98244.81179572646,1964.6044441834563,1517.4371610277208,1496.1566706426484,479.456,208996561857.07242,746,0.3333333333333333,deaths
2024-03-11,Meduza,russia,deaths_via_meduza_108,estimate_low,86702.96955580203,1964.6044441834563,1517.4371610277208,1496.1566706426484,479.456,208996561857.07242,746,0.3333333333333333,deaths
2024-03-11,Meduza,russia,deaths_via_meduza_108,estimate_high,114182.53253086188,1964.6044441834563,1517.4371610277208,1496.1566706426484,479.456,208996561857.07242,746,0.3333333333333333,deaths
2024-03-18,Meduza,russia,deaths_via_meduza_109,estimate,99763.67207711758,1984.098107236295,1529.8181864807075,1511.3292424064623,485.414,209011708846.5208,753,0.3333333333333333,deaths
2024-03-18,Meduza,russia,deaths_via_meduza_109,estimate_low,88039.07412290496,1984.098107236295,1529.8181864807075,1511.3292424064623,485.414,209011708846.5208,753,0.3333333333333333,deaths
2024-03-18,Meduza,russia,deaths_via_meduza_109,estimate_high,115954.35320900173,1984.098107236295,1529.8181864807075,1511.3292424064623,485.414,209011708846.5208,753,0.3333333333333333,deaths
2024-03-25,Meduza,russia,deaths_via_meduza_110,estimate,101286.47844650674,2009.9822597207203,1551.5159669755083,1530.3075331795887,490.751,209036347345.84225,760,0.3333333333333333,deaths
2024-03-25,Meduza,russia,deaths_via_meduza_110,estimate_low,89371.93029668758,2009.9822597207203,1551.5159669755083,1530.3075331795887,490.751,209036347345.84225,760,0.3333333333333333,deaths
2024-03-25,Meduza,russia,deaths_via_meduza_110,estimate_high,117744.15688315012,2009.9822597207203,1551.5159669755083,1530.3075331795887,490.751,209036347345.84225,760,0.3333333333333333,deaths
2024-04-01,Meduza,russia,deaths_via_meduza_111,estimate,102719.610737362,2051.570070562408,1588.6585091510092,1566.275995318058,494.472,209053047652.638,767,0.3333333333333333,deaths
2024-04-01,Meduza,russia,deaths_via_meduza_111,estimate_low,90632.7326335446,2051.570070562408,1588.6585091510092,1566.275995318058,494.472,209053047652.638,767,0.3333333333333333,deaths
2024-04-01,Meduza,russia,deaths_via_meduza_111,estimate_high,119415.75757874572,2051.570070562408,1588.6585091510092,1566.275995318058,494.472,209053047652.638,767,0.3333333333333333,deaths
2024-04-08,Meduza,russia,deaths_via_meduza_112,estimate,104110.2836144633,2093.0827180985816,1624.3994285251554,1603.097333252,498.455,209089835820.63132,774,0.3333333333333333,deaths
2024-04-08,Meduza,russia,deaths_via_meduza_112,estimate_low,91851.7297446803,2093.0827180985816,1624.3994285251554,1603.097333252,498.455,209089835820.63132,774,0.3333333333333333,deaths
2024-04-08,Meduza,russia,deaths_via_meduza_112,estimate_high,121046.87980649863,2093.0827180985816,1624.3994285251554,1603.097333252,498.455,209089835820.63132,774,0.3333333333333333,deaths
2024-04-15,Meduza,russia,deaths_via_meduza_113,estimate,105585.48224175633,2136.702044271958,1662.9720674300875,1641.875575643316,501.797,209115006485.97382,781,0.3333333333333333,deaths
2024-04-15,Meduza,russia,deaths_via_meduza_113,estimate_low,93144.5711824003,2136.702044271958,1662.9720674300875,1641.875575643316,501.797,209115006485.97382,781,0.3333333333333333,deaths
2024-04-15,Meduza,russia,deaths_via_meduza_113,estimate_high,122776.76724589177,2136.702044271958,1662.9720674300875,1641.875575643316,501.797,209115006485.97382,781,0.3333333333333333,deaths
2024-04-22,Meduza,russia,deaths_via_meduza_114,estimate,107193.52548878896,2165.0254641777724,1683.5881214387537,1663.6827727887796,507.072,209131854429.13278,788,0.3333333333333333,deaths
2024-04-22,Meduza,russia,deaths_via_meduza_114,estimate_low,94551.98208593696,2165.0254641777724,1683.5881214387537,1663.6827727887796,507.072,209131854429.13278,788,0.3333333333333333,deaths
2024-04-22,Meduza,russia,deaths_via_meduza_114,estimate_high,124666.66357468258,2165.0254641777724,1683.5881214387537,1663.6827727887796,507.072,209131854429.13278,788,0.3333333333333333,deaths
2024-04-29,Meduza,russia,deaths_via_meduza_115,estimate,108526.60691050532,2187.775734318483,1694.1927243414991,1682.4931062818239,511.75,209159380688.15594,795,0.3333333333333333,deaths
2024-04-29,Meduza,russia,deaths_via_meduza_115,estimate_low,95716.71765470512,2187.775734318483,1694.1927243414991,1682.4931062818239,511.75,209159380688.15594,795,0.3333333333333333,deaths
2024-04-29,Meduza,russia,deaths_via_meduza_115,estimate_high,126237.35094012014,2187.775734318483,1694.1927243414991,1682.4931062818239,511.75,209159380688.15594,795,0.3333333333333333,deaths
2024-05-06,Meduza,russia,deaths_via_meduza_116,estimate,110129.0509567482,2226.916109049365,1726.666953924006,1718.1136701700068,513.671,209199990391.25568,802,0.3333333333333333,deaths
2024-05-06,Meduza,russia,deaths_via_meduza_116,estimate_low,97118.9407751157,2226.916109049365,1726.666953924006,1718.1136701700068,513.671,209199990391.25568,802,0.3333333333333333,deaths
2024-05-06,Meduza,russia,deaths_via_meduza_116,estimate_high,128121.19329591996,2226.916109049365,1726.666953924006,1718.1136701700068,513.671,209199990391.25568,802,0.3333333333333333,deaths
2024-05-13,Meduza,russia,deaths_via_meduza_117,estimate,112635.729728943,2264.213253675298,1759.4443864835673,1749.691007172758,517.545,209357249969.95404,809,0.3333333333333333,deaths
2024-05-13,Meduza,russia,deaths_via_meduza_117,estimate_low,99314.36655950751,2264.213253675298,1759.4443864835673,1749.691007172758,517.545,209357249969.95404,809,0.3333333333333333,deaths
2024-05-13,Meduza,russia,deaths_via_meduza_117,estimate_high,131064.33980820628,2264.213253675298,1759.4443864835673,1749.691007172758,517.545,209357249969.95404,809,0.3333333333333333,deaths
2024-05-20,Meduza,russia,deaths_via_meduza_118,estimate,114079.739864925,2293.857896185059,1778.9701672254166,1776.549866779551,521.05,209475964798.43683,816,0.3333333333333333,deaths
2024-05-20,Meduza,russia,deaths_via_meduza_118,estimate_low,100576.26517468152,2293.857896185059,1778.9701672254166,1776.549866779551,521.05,209475964798.43683,816,0.3333333333333333,deaths
2024-05-20,Meduza,russia,deaths_via_meduza_118,estimate_high,132765.62846851558,2293.857896185059,1778.9701672254166,1776.549866779551,521.05,209475964798.43683,816,0.3333333333333333,deaths
2024-05-27,Meduza,russia,deaths_via_meduza_119,estimate,115167.93615947364,2336.0820883661304,1816.1229029837057,1813.8971380738976,524.221,209508003874.29752,823,0.3333333333333333,deaths
2024-05-27,Meduza,russia,deaths_via_meduza_119,estimate_low,101528.4642011342,2336.0820883661304,1816.1229029837057,1813.8971380738976,524.221,209508003874.29752,823,0.3333333333333333,deaths
2024-05-27,Meduza,russia,deaths_via_meduza_119,estimate_high,134045.40763692584,2336.0820883661304,1816.1229029837057,1813.8971380738976,524.221,209508003874.29752,823,0.3333333333333333,deaths
2024-06-03,Meduza,russia,deaths_via_meduza_120,estimate,117524.87847575116,2372.1016356957534,1846.617322383071,1844.3788262927455,528.133,209535131551.17648,830,0.3333333333333333,deaths
2024-06-03,Meduza,russia,deaths_via_meduza_120,estimate_low,103601.29690724288,2372.1016356957534,1846.617322383071,1844.3788262927455,528.133,209535131551.17648,830,0.3333333333333333,deaths
2024-06-03,Meduza,russia,deaths_via_meduza_120,estimate_high,136795.41007678027,2372.1016356957534,1846.617322383071,1844.3788262927455,528.133,209535131551.17648,830,0.3333333333333333,deaths
2024-06-10,Meduza,russia,deaths_via_meduza_121,estimate,119057.39302990813,2406.885010415504,1877.2072383570442,1872.8907865989784,532.173,209617290329.19852,837,0.3333333333333333,deaths
2024-06-10,Meduza,russia,deaths_via_meduza_121,estimate_low,104939.26468905194,2406.885010415504,1877.2072383570442,1872.8907865989784,532.173,209617290329.19852,837,0.3333333333333333,deaths
2024-06-10,Meduza,russia,deaths_via_meduza_121,estimate_high,138602.70237634316,2406.885010415504,1877.2072383570442,1872.8907865989784,532.173,209617290329.19852,837,0.3333333333333333,deaths
2024-06-17,Meduza,russia,deaths_via_meduza_122,estimate,120145.49781944092,2435.1448886847775,1901.2709013384167,1893.173931880999,537.031,209670676794.26688,844,0.3333333333333333,deaths
2024-06-17,Meduza,russia,deaths_via_meduza_122,estimate_low,105893.94657067298,2435.1448886847775,1901.2709013384167,1893.173931880999,537.031,209670676794.26688,844,0.3333333333333333,deaths
2024-06-17,Meduza,russia,deaths_via_meduza_122,estimate_high,139877.0959064906,2435.1448886847775,1901.2709013384167,1893.173931880999,537.031,209670676794.26688,844,0.3333333333333333,deaths
2024-06-24,Meduza,russia,deaths_via_meduza_weekly1,estimate,122394.80431021171,2468.9088007944647,1928.8030264784516,1922.8682171682547,539.722,209689367213.31854,851,0.3333333333333333,deaths
2024-06-24,Meduza,russia,deaths_via_meduza_weekly1,estimate_low,107991.7962746418,2468.9088007944647,1928.8030264784516,1922.8682171682547,539.722,209689367213.31854,851,0.3333333333333333,deaths
2024-06-24,Meduza,russia,deaths_via_meduza_weekly1,estimate_high,142305.42052367443,2468.9088007944647,1928.8030264784516,1922.8682171682547,539.722,209689367213.31854,851,0.3333333333333333,deaths
2024-07-01,Meduza,russia,deaths_via_meduza_weekly2,estimate,124069.78902561491,2507.3595798025535,1960.9310486516772,1957.4558048092244,541.954,209704334648.5218,858,0.3333333333333333,deaths
2024-07-01,Meduza,russia,deaths_via_meduza_weekly2,estimate_low,109556.0901336847,2507.3595798025535,1960.9310486516772,1957.4558048092244,541.954,209704334648.5218,858,0.3333333333333333,deaths
2024-07-01,Meduza,russia,deaths_via_meduza_weekly2,estimate_high,144111.23000442795,2507.3595798025535,1960.9310486516772,1957.4558048092244,541.954,209704334648.5218,858,0.3333333333333333,deaths
2024-07-08,Meduza,russia,deaths_via_meduza_weekly3,estimate,125800.5499996287,2555.8984391932436,2004.2967880972951,2001.4228678624859,545.07,209746933152.85016,865,0.3333333333333333,deaths
2024-07-08,Meduza,russia,deaths_via_meduza_weekly3,estimate_low,111172.403304347,2555.8984391932436,2004.2967880972951,2001.4228678624859,545.07,209746933152.85016,865,0.3333333333333333,deaths
2024-07-08,Meduza,russia,deaths_via_meduza_weekly3,estimate_high,145977.22754788917,2555.8984391932436,2004.2967880972951,2001.4228678624859,545.07,209746933152.85016,865,0.3333333333333333,deaths
2024-07-15,Meduza,russia,deaths_via_meduza_weekly4,estimate,127545.06284631691,2602.368193376715,2044.864163447436,2043.753694204577,547.67,209776087808.02267,872,0.3333333333333333,deaths
2024-07-15,Meduza,russia,deaths_via_meduza_weekly4,estimate_low,112801.49836881945,2602.368193376715,2044.864163447436,2043.753694204577,547.67,209776087808.02267,872,0.3333333333333333,deaths
2024-07-15,Meduza,russia,deaths_via_meduza_weekly4,estimate_high,147858.1823910912,2602.368193376715,2044.864163447436,2043.753694204577,547.67,209776087808.02267,872,0.3333333333333333,deaths
2024-07-22,Meduza,russia,deaths_via_meduza_weekly5,estimate,129124.76497445013,2649.2805334339055,2084.3756859594578,2087.627121705933,550.994,209882025034.56192,879,0.3333333333333333,deaths
2024-07-22,Meduza,russia,deaths_via_meduza_weekly5,estimate_low,114276.56985989201,2649.2805334339055,2084.3756859594578,2087.627121705933,550.994,209882025034.56192,879,0.3333333333333333,deaths
2024-07-22,Meduza,russia,deaths_via_meduza_weekly5,estimate_high,149561.47409387515,2649.2805334339055,2084.3756859594578,2087.627121705933,550.994,209882025034.56192,879,0.3333333333333333,deaths
2024-07-29,Meduza,russia,deaths_via_meduza_weekly6,estimate,130662.51885598489,2691.1881890774735,2118.7298435215253,2126.3369541643783,554.757,209912173460.8733,886,0.3333333333333333,deaths
2024-07-29,Meduza,russia,deaths_via_meduza_weekly6,estimate_low,115713.25304305073,2691.1881890774735,2118.7298435215253,2126.3369541643783,554.757,209912173460.8733,886,0.3333333333333333,deaths
2024-07-29,Meduza,russia,deaths_via_meduza_weekly6,estimate_high,151218.34592358037,2691.1881890774735,2118.7298435215253,2126.3369541643783,554.757,209912173460.8733,886,0.3333333333333333,deaths
2024-08-05,Meduza,russia,deaths_via_meduza_weekly7,estimate,132308.82761828374,2732.9445626041443,2155.7074377385225,2162.6818955110652,558.72,209957392254.0333,893,0.3333333333333333,deaths
2024-08-05,Meduza,russia,deaths_via_meduza_weekly7,estimate_low,117250.73688123983,2732.9445626041443,2155.7074377385225,2162.6818955110652,558.72,209957392254.0333,893,0.3333333333333333,deaths
2024-08-05,Meduza,russia,deaths_via_meduza_weekly7,estimate_high,152993.06061032458,2732.9445626041443,2155.7074377385225,2162.6818955110652,558.72,209957392254.0333,893,0.3333333333333333,deaths
2024-08-12,Meduza,russia,deaths_via_meduza_weekly8,estimate,133931.33430486926,2774.0096762833655,2190.5775197794774,2199.888520128079,562.038,209984278395.10233,900,0.3333333333333333,deaths
2024-08-12,Meduza,russia,deaths_via_meduza_weekly8,estimate_low,118765.85952592254,2774.0096762833655,2190.5775197794774,2199.888520128079,562.038,209984278395.10233,900,0.3333333333333333,deaths
2024-08-12,Meduza,russia,deaths_via_meduza_weekly8,estimate_high,154742.38256865123,2774.0096762833655,2190.5775197794774,2199.888520128079,562.038,209984278395.10233,900,0.3333333333333333,deaths
2024-08-19,Meduza,russia,deaths_via_meduza_weekly9,estimate,135536.78575589246,2820.255715554768,2231.5771058809005,2241.611584795134,563.901,210048504220.86697,907,0.3333333333333333,deaths
2024-08-19,Meduza,russia,deaths_via_meduza_weekly9,estimate_low,120264.4998681427,2820.255715554768,2231.5771058809005,2241.611584795134,563.901,210048504220.86697,907,0.3333333333333333,deaths
2024-08-19,Meduza,russia,deaths_via_meduza_weekly9,estimate_high,156474.12304783505,2820.255715554768,2231.5771058809005,2241.611584795134,563.901,210048504220.86697,907,0.3333333333333333,deaths
2024-08-26,Meduza,russia,deaths_via_meduza_weekly10,estimate,137256.60505487755,2869.094661479428,2274.5020186993765,2286.27879887221,566.599,210152777551.22556,914,0.3333333333333333,deaths
2024-08-26,Meduza,russia,deaths_via_meduza_weekly10,estimate_low,121869.34947742548,2869.094661479428,2274.5020186993765,2286.27879887221,566.599,210152777551.22556,914,0.3333333333333333,deaths
2024-08-26,Meduza,russia,deaths_via_meduza_weekly10,estimate_high,158330.04267536738,2869.094661479428,2274.5020186993765,2286.27879887221,566.599,210152777551.22556,914,0.3333333333333333,deaths
2024-09-02,Meduza,russia,deaths_via_meduza_weekly11,estimate,139022.85347344057,2920.1370388955343,2317.2056539975297,2334.6387759014906,571.123,210282569286.52936,921,0.3333333333333333,deaths
2024-09-02,Meduza,russia,deaths_via_meduza_weekly11,estimate_low,123516.41202857118,2920.1370388955343,2317.2056539975297,2334.6387759014906,571.123,210282569286.52936,921,0.3333333333333333,deaths
2024-09-02,Meduza,russia,deaths_via_meduza_weekly11,estimate_high,160237.6844338608,2920.1370388955343,2317.2056539975297,2334.6387759014906,571.123,210282569286.52936,921,0.3333333333333333,deaths
2024-09-09,Meduza,russia,deaths_via_meduza_weekly12,estimate,140822.8591985862,2970.8297006609782,2356.7913632863347,2383.5410846486966,574.395,210388830105.042,928,0.3333333333333333,deaths
2024-09-09,Meduza,russia,deaths_via_meduza_weekly12,estimate_low,125194.51818122045,2970.8297006609782,2356.7913632863347,2383.5410846486966,574.395,210388830105.042,928,0.3333333333333333,deaths
2024-09-09,Meduza,russia,deaths_via_meduza_weekly12,estimate_high,162182.36719011798,2970.8297006609782,2356.7913632863347,2383.5410846486966,574.395,210388830105.042,928,0.3333333333333333,deaths
2024-09-16,Meduza,russia,deaths_via_meduza_weekly13,estimate,142753.17505862392,3020.092216107901,2395.360852978458,2430.536643146692,579.297,210495923897.3711,935,0.3333333333333333,deaths
2024-09-16,Meduza,russia,deaths_via_meduza_weekly13,estimate_low,126994.0328140163,3020.092216107901,2395.360852978458,2430.536643146692,579.297,210495923897.3711,935,0.3333333333333333,deaths
2024-09-16,Meduza,russia,deaths_via_meduza_weekly13,estimate_high,164267.87287931124,3020.092216107901,2395.360852978458,2430.536643146692,579.297,210495923897.3711,935,0.3333333333333333,deaths
2024-09-23,Meduza,russia,deaths_via_meduza_weekly14,estimate,144787.5787797678,3070.6719918630606,2434.8231443655536,2479.4712411938403,581.948,210604189461.34396,942,0.3333333333333333,deaths
2024-09-23,Meduza,russia,deaths_via_meduza_weekly14,estimate_low,128891.03536863509,3070.6719918630606,2434.8231443655536,2479.4712411938403,581.948,210604189461.34396,942,0.3333333333333333,deaths
2024-09-23,Meduza,russia,deaths_via_meduza_weekly14,estimate_high,166465.17238549696,3070.6719918630606,2434.8231443655536,2479.4712411938403,581.948,210604189461.34396,942,0.3333333333333333,deaths
2024-09-30,Meduza,russia,deaths_via_meduza_weekly15,estimate,146740.85123121482,3117.443153711273,2472.3408732896405,2523.735227289663,585.77,210702186294.4341,949,0.3333333333333333,deaths
2024-09-30,Meduza,russia,deaths_via_meduza_weekly15,estimate_low,130711.95731191119,3117.443153711273,2472.3408732896405,2523.735227289663,585.77,210702186294.4341,949,0.3333333333333333,deaths
2024-09-30,Meduza,russia,deaths_via_meduza_weekly15,estimate_high,168575.43793131263,3117.443153711273,2472.3408732896405,2523.735227289663,585.77,210702186294.4341,949,0.3333333333333333,deaths
2024-10-07,Meduza,russia,deaths_via_meduza_weekly16,estimate,148782.41963185548,3165.781545730898,2512.4283343887337,2569.2969660011204,590.611,210774375031.41104,956,0.3333333333333333,deaths
2024-10-07,Meduza,russia,deaths_via_meduza_weekly16,estimate_low,132615.52818881607,3165.781545730898,2512.4283343887337,2569.2969660011204,590.611,210774375031.41104,956,0.3333333333333333,deaths
2024-10-07,Meduza,russia,deaths_via_meduza_weekly16,estimate_high,170780.70901707228,3165.781545730898,2512.4283343887337,2569.2969660011204,590.611,210774375031.41104,956,0.3333333333333333,deaths
2024-10-14,Meduza,russia,deaths_via_meduza_weekly17,estimate,150806.7422403169,3196.5110916375506,2536.0394605445517,2596.4372609405236,595.112,210892790787.37982,963,0.3333333333333333,deaths
2024-10-14,Meduza,russia,deaths_via_meduza_weekly17,estimate_low,134503.46543843983,3196.5110916375506,2536.0394605445517,2596.4372609405236,595.112,210892790787.37982,963,0.3333333333333333,deaths
2024-10-14,Meduza,russia,deaths_via_meduza_weekly17,estimate_high,172966.7836277495,3196.5110916375506,2536.0394605445517,2596.4372609405236,595.112,210892790787.37982,963,0.3333333333333333,deaths
2024-10-21,Meduza,russia,deaths_via_meduza_weekly18,estimate,152906.46795297894,3210.1584296674455,2536.0394605445517,2610.0045562627447,598.865,211017086955.62967,970,0.3333333333333333,deaths
2024-10-21,Meduza,russia,deaths_via_meduza_weekly18,estimate_low,136460.9768894091,3210.1584296674455,2536.0394605445517,2610.0045562627447,598.865,211017086955.62967,970,0.3333333333333333,deaths
2024-10-21,Meduza,russia,deaths_via_meduza_weekly18,estimate_high,175235.35612999537,3210.1584296674455,2536.0394605445517,2610.0045562627447,598.865,211017086955.62967,970,0.3333333333333333,deaths
2024-10-28,Meduza,russia,deaths_via_meduza_weekly19,estimate,155256.82948162622,3235.4702959041692,2550.4535790060495,2632.5269115349597,602.432,211186431050.05048,977,0.3333333333333333,deaths
2024-10-28,Meduza,russia,deaths_via_meduza_weekly19,estimate_low,138651.6643246722,3235.4702959041692,2550.4535790060495,2632.5269115349597,602.432,211186431050.05048,977,0.3333333333333333,deaths
2024-10-28,Meduza,russia,deaths_via_meduza_weekly19,estimate_high,177775.4789002767,3235.4702959041692,2550.4535790060495,2632.5269115349597,602.432,211186431050.05048,977,0.3333333333333333,deaths
2024-11-04,Meduza,russia,deaths_via_meduza_weekly20,estimate,157703.1131933374,3258.6437187224374,2565.3531971664793,2652.4172272881324,607.203,211358126820.34915,984,0.3333333333333333,deaths
2024-11-04,Meduza,russia,deaths_via_meduza_weekly20,estimate_low,140932.04403622213,3258.6437187224374,2565.3531971664793,2652.4172272881324,607.203,211358126820.34915,984,0.3333333333333333,deaths
2024-11-04,Meduza,russia,deaths_via_meduza_weekly20,estimate_high,180418.94350506255,3258.6437187224374,2565.3531971664793,2652.4172272881324,607.203,211358126820.34915,984,0.3333333333333333,deaths
2024-11-11,Meduza,russia,deaths_via_meduza_weekly21,estimate,160146.5427619318,3267.84400875856,2565.3531971664793,2661.4997342885986,611.629,211548442551.2816,991,0.3333333333333333,deaths
2024-11-11,Meduza,russia,deaths_via_meduza_weekly21,estimate_low,143209.73651391992,3267.84400875856,2565.3531971664793,2661.4997342885986,611.629,211548442551.2816,991,0.3333333333333333,deaths
2024-11-11,Meduza,russia,deaths_via_meduza_weekly21,estimate_high,183059.21826376132,3267.84400875856,2565.3531971664793,2661.4997342885986,611.629,211548442551.2816,991,0.3333333333333333,deaths
2024-11-18,Meduza,russia,deaths_via_meduza_weekly22,estimate,162631.31105522247,3273.219287166244,2569.224398177387,2665.3709352995065,616.929,211622278336.01474,998,0.3333333333333333,deaths
2024-11-18,Meduza,russia,deaths_via_meduza_weekly22,estimate_low,145525.10368284638,3273.219287166244,2569.224398177387,2665.3709352995065,616.929,211622278336.01474,998,0.3333333333333333,deaths
2024-11-18,Meduza,russia,deaths_via_meduza_weekly22,estimate_high,185745.37948948453,3273.219287166244,2569.224398177387,2665.3709352995065,616.929,211622278336.01474,998,0.3333333333333333,deaths
2022-07-20,CIA,russia,all_df_CIA_7,estimate,60000,457.48185499677993,351.2433666402149,323.66387468173235,78.82,185431408385.05176,146,1,casualties
2022-08-11,US officials (via NYT),russia,all_df_US officials (via NYT)_11,estimate_low,70000,555.001892565929,441.0463232284984,389.7544042532543,89.925,185844853725.2819,168,0.5,casualties
2022-08-11,US officials (via NYT),russia,all_df_US officials (via NYT)_11,estimate_high,80000,555.001892565929,441.0463232284984,389.7544042532543,89.925,185844853725.2819,168,0.5,casualties
2023-02-15,US DoD,russia,all_df_US DoD_20,estimate_low,189500,721.0720982053074,587.4503926836181,457.5321668181726,220.93,206182781011.4019,356,0.5,casualties
2023-02-15,US DoD,russia,all_df_US DoD_20,estimate_high,223000,721.0720982053074,587.4503926836181,457.5321668181726,220.93,206182781011.4019,356,0.5,casualties
2023-02-28,The Centre for Strategic and International Studies,russia,all_df_The Centre for Strategic and International Studies_24,estimate_low,200000,721.0720982053074,587.4503926836181,457.5321668181726,231.132,206264456535.49893,369,0.5,casualties
2023-02-28,The Centre for Strategic and International Studies,russia,all_df_The Centre for Strategic and International Studies_24,estimate_high,250000,721.0720982053074,587.4503926836181,457.5321668181726,231.132,206264456535.49893,369,0.5,casualties
2023-08-18,US officials (via NYT),russia,all_df_US officials (via NYT)_33,estimate_low,290000,1329.4954759306024,1020.7541975169156,978.862777589177,339.27,208371796160.44785,540,0.5,casualties
2023-08-18,US officials (via NYT),russia,all_df_US officials (via NYT)_33,estimate_high,300000,1329.4954759306024,1020.7541975169156,978.862777589177,339.27,208371796160.44785,540,0.5,casualties
2024-01-30,CIA,russia,all_df_CIA_46,estimate,315000,1840.805149662003,1433.68824098585,1392.0606418906477,449.471,208798264293.01675,705,1,casualties
2024-05-03,French foreign minister,russia,all_df_French foreign minister_54,estimate,500000,2209.582054524868,1711.6259059582,1702.6598975360798,512.7,209170230754.58978,799,1,casualties
2024-05-30,UK Foreign ministry,russia,all_df_UK Foreign ministry_55,estimate,465000,2352.8398027228955,1831.3927291023565,1827.4140916412578,526.365,209526988901.0959,826,1,casualties
2024-06-27,US officials (via NYT),russia,all_df_US officials (via NYT)_61,estimate,350000,2484.0519252007275,1941.6295465711235,1936.0725659804002,540.845,209695676494.7565,854,1,casualties
2024-10-10,US officials (via NYT),russia,all_df_US officials (via NYT)_70,estimate,615000,3180.586969160607,2525.5104089627794,2581.591434065412,592.136,210875023090.45853,959,1,casualties
2024-10-15,NATO nations (via NYT),russia,all_df_NATO nations (via NYT)_72,estimate_low,600000,3199.0760409950126,2536.0394605445517,2598.922167590312,595.94,210896565848.49203,964,0.5,casualties
2024-10-15,NATO nations (via NYT),russia,all_df_NATO nations (via NYT)_72,estimate_high,700000,3199.0760409950126,2536.0394605445517,2598.922167590312,595.94,210896565848.49203,964,0.5,casualties
2024-11-19,Western intelligence agencies (via WSJ),russia,all_df_Western intelligence agencies (via WSJ)_76,estimate,600000,3277.090488177152,2572.220130450941,2668.7031398096815,617.514,211639295400.63342,999,1,casualties
2025-01-01,IISS,russia,all_df_IISS_84,estimate,783000,3297.9231469645515,2577.9727030897666,2685.9316603714224,653.946,212506053517.7304,1042,1,casualties
2025-04-03,US DoD,russia,all_df_US DoD_92,estimate,790000,3560.834402025087,2707.4192387225735,2923.71721523747,715.936,213550561941.98996,1134,1,casualties
2022-04-23,NATO officials (via WP),russia,all_df_NATO officials (via WP)_98,estimate_low,30000,155.4881125352611,110.07486547929929,121.7706941344338,38.007,179423446721.91507,58,0.5,casualties
2022-04-23,NATO officials (via WP),russia,all_df_NATO officials (via WP)_98,estimate_high,40000,155.4881125352611,110.07486547929929,121.7706941344338,38.007,179423446721.91507,58,0.5,casualties
2022-04-01,UK MoD,russia,casualties_via_mod_1,estimate,11966,114.68967519930875,82.1664035040793,96.72984290868247,20.763,130038273630.80978,36,1,casualties
2022-05-01,UK MoD,russia,casualties_via_mod_2,estimate,17756,172.22770038358672,120.67185015115966,130.98900267605916,42.154,180087153147.70673,66,1,casualties
2022-06-01,UK MoD,russia,casualties_via_mod_3,estimate,24917,269.63394298896316,186.08176093155078,207.41528694537712,57.302,183427040417.2011,97,1,casualties
2022-07-01,UK MoD,russia,casualties_via_mod_4,estimate,30077,370.09599205722583,271.30746431254397,261.27697835518467,69.917,184945284856.81696,127,1,casualties
2022-08-01,UK MoD,russia,casualties_via_mod_5,estimate,35440,513.5458691259618,402.7513468882012,364.34980734922635,84.229,185721281517.40146,158,1,casualties
2022-09-01,UK MoD,russia,casualties_via_mod_6,estimate,42756,631.8452647415385,509.7892083237689,435.7633452247467,98.636,186277045889.48166,189,1,casualties
2022-10-01,UK MoD,russia,casualties_via_mod_7,estimate,53376,678.2345708683315,554.8538246361328,444.7585102150578,120.465,196234996319.03275,219,1,casualties
2022-11-01,UK MoD,russia,casualties_via_mod_8,estimate,66241,705.1405904791621,574.3402638438822,454.89310948855734,137.747,199851201608.86288,250,1,casualties
2022-12-01,UK MoD,russia,casualties_via_mod_9,estimate,83011,709.1295745257264,578.1469263336526,454.89310948855734,161.57,205144509792.49463,280,1,casualties
2023-01-01,UK MoD,russia,casualties_via_mod_10,estimate,99658,712.4617790359016,578.8400735142125,457.5321668181726,187.081,205539547894.4533,311,1,casualties
2023-02-01,UK MoD,russia,casualties_via_mod_11,estimate,121389,721.0720982053074,587.4503926836181,457.5321668181726,211.555,206021423859.1744,342,1,casualties
2023-03-01,UK MoD,russia,casualties_via_mod_12,estimate,142949,721.0720982053074,587.4503926836181,457.5321668181726,231.696,206273737260.76358,370,1,casualties
2023-04-01,UK MoD,russia,casualties_via_mod_13,estimate,167005,804.2987982828779,641.4538275106535,522.0524526324065,254.282,206661093376.1864,401,1,casualties
2023-05-01,UK MoD,russia,casualties_via_mod_14,estimate,184045,868.2805665586487,676.9587975262999,575.0280686197364,278.232,206817001612.48944,431,1,casualties
2023-06-01,UK MoD,russia,casualties_via_mod_15,estimate,201467,995.967373631132,757.6521372185757,689.6458829890379,296.08,206928771927.33356,462,1,casualties
2023-07-01,UK MoD,russia,casualties_via_mod_16,estimate,221477,1121.31722097159,855.6627140494843,793.8333411955783,314.622,207997983586.25183,492,1,casualties
2023-08-01,UK MoD,russia,casualties_via_mod_17,estimate,240232,1277.7427104246385,973.806727093602,935.9417422094697,332.729,208337924897.1942,523,1,casualties
2023-09-01,UK MoD,russia,casualties_via_mod_18,estimate,257096,1422.2577617865127,1108.9539007207595,1053.5892361440706,345.202,208414608248.85437,554,1,casualties
2023-10-01,UK MoD,russia,casualties_via_mod_19,estimate,272096,1605.504345260132,1271.0670349142072,1207.564311991569,356.486,208472326983.68488,584,1,casualties
2023-11-01,UK MoD,russia,casualties_via_mod_20,estimate,294075,1746.3348228360765,1386.2938142814191,1324.7852394410909,375.847,208548190115.93323,615,1,casualties
2023-12-01,UK MoD,russia,casualties_via_mod_21,estimate,322635,1797.0101633925901,1421.920487273299,1358.0623500534778,400.012,208599517955.5288,645,1,casualties
2024-01-01,UK MoD,russia,casualties_via_mod_22,estimate,352612,1824.0957535268428,1429.5293579024901,1379.3076045747357,426.447,208736110724.4077,676,1,casualties
2024-02-01,UK MoD,russia,casualties_via_mod_23,estimate,378838,1846.1522571927205,1436.6839732594037,1396.15498645287,450.873,208817961643.923,707,1,casualties
2024-03-01,UK MoD,russia,casualties_via_mod_24,estimate,407345,1916.7462772102974,1480.8702241295089,1453.2984387770061,473.834,208964201976.1475,736,1,casualties
2024-04-01,UK MoD,russia,casualties_via_mod_25,estimate,435555,2051.570070562408,1588.6585091510092,1566.275995318058,494.472,209053047652.638,767,1,casualties
2024-05-01,UK MoD,russia,casualties_via_mod_26,estimate,462525,2198.8059355897985,1702.9797919867171,1692.7342082755601,512.015,209165989050.40875,797,1,casualties
2024-06-01,UK MoD,russia,casualties_via_mod_27,estimate,501647,2361.842503730093,1838.335851525176,1835.2777429067064,527.279,209531977041.1238,828,1,casualties
2024-07-01,UK MoD,russia,casualties_via_mod_28,estimate,536537,2507.3595798025535,1960.9310486516772,1957.4558048092244,541.954,209704334648.5218,858,1,casualties
2024-08-01,UK MoD,russia,casualties_via_mod_29,estimate,571877,2709.4641043623124,2134.5870106768066,2142.796373123603,556.066,209933470017.3036,889,1,casualties
2024-09-01,UK MoD,russia,casualties_via_mod_30,estimate,608674,2912.7586551825375,2310.919655903021,2327.668985231589,570.511,210277100539.6592,920,1,casualties
2024-10-01,UK MoD,russia,casualties_via_mod_31,estimate,646804,3125.3311130478733,2478.9131558323343,2531.310811941221,586.372,210713819536.31723,950,1,casualties
2024-11-01,UK MoD,russia,casualties_via_mod_32,estimate,688778,3249.7226617042797,2559.872558243137,2644.6474262921283,605.516,211262548259.73038,981,1,casualties
2024-12-01,UK MoD,russia,casualties_via_mod_33,estimate,734468,3284.804719322001,2572.220130450941,2676.4173709545307,627.386,211911320314.3545,1011,1,casualties
2025-01-01,UK MoD,russia,casualties_via_mod_34,estimate,783138,3297.9231469645515,2577.9727030897666,2685.9316603714224,653.946,212506053517.7304,1042,1,casualties
2025-02-01,UK MoD,russia,casualties_via_mod_35,estimate,831374,3341.658382155275,2596.779240343706,2719.394912326706,677.639,212987140832.07007,1073,1,casualties
2025-03-01,UK MoD,russia,casualties_via_mod_36,estimate,866514,3415.1179141216708,2632.402757493326,2786.210123381652,693.333,213313255037.17044,1101,1,casualties
2025-04-01,UK MoD,russia,casualties_via_mod_37,estimate,907682,3556.8270688398543,2704.9343320727853,2919.9560151217765,714.448,213536858370.1873,1132,1,casualties
2025-05-01,UK MoD,russia,casualties_via_mod_38,estimate,943952,3688.5622700720846,2797.153102586154,3039.273723247317,730.278,213748081141.44348,1162,1,casualties
